--
-- PostgreSQL database dump
--

-- Dumped from database version 15.5
-- Dumped by pg_dump version 15.5

SET statement_timeout = 0;
SET lock_timeout = 0;
SET idle_in_transaction_session_timeout = 0;
SET client_encoding = 'UTF8';
SET standard_conforming_strings = on;
SELECT pg_catalog.set_config('search_path', '', false);
SET check_function_bodies = false;
SET xmloption = content;
SET client_min_messages = warning;
SET row_security = off;

SET default_tablespace = '';

SET default_table_access_method = heap;

--
-- Name: accounts_customuser; Type: TABLE; Schema: public; Owner: admin
--

CREATE TABLE public.accounts_customuser (
    id bigint NOT NULL,
    password character varying(128) NOT NULL,
    last_login timestamp with time zone,
    is_superuser boolean NOT NULL,
    email character varying(254),
    phone character varying(15),
    is_active boolean NOT NULL,
    is_staff boolean NOT NULL,
    role character varying(15) NOT NULL
);


ALTER TABLE public.accounts_customuser OWNER TO admin;

--
-- Name: accounts_customuser_groups; Type: TABLE; Schema: public; Owner: admin
--

CREATE TABLE public.accounts_customuser_groups (
    id bigint NOT NULL,
    customuser_id bigint NOT NULL,
    group_id integer NOT NULL
);


ALTER TABLE public.accounts_customuser_groups OWNER TO admin;

--
-- Name: accounts_customuser_groups_id_seq; Type: SEQUENCE; Schema: public; Owner: admin
--

ALTER TABLE public.accounts_customuser_groups ALTER COLUMN id ADD GENERATED BY DEFAULT AS IDENTITY (
    SEQUENCE NAME public.accounts_customuser_groups_id_seq
    START WITH 1
    INCREMENT BY 1
    NO MINVALUE
    NO MAXVALUE
    CACHE 1
);


--
-- Name: accounts_customuser_id_seq; Type: SEQUENCE; Schema: public; Owner: admin
--

ALTER TABLE public.accounts_customuser ALTER COLUMN id ADD GENERATED BY DEFAULT AS IDENTITY (
    SEQUENCE NAME public.accounts_customuser_id_seq
    START WITH 1
    INCREMENT BY 1
    NO MINVALUE
    NO MAXVALUE
    CACHE 1
);


--
-- Name: accounts_customuser_user_permissions; Type: TABLE; Schema: public; Owner: admin
--

CREATE TABLE public.accounts_customuser_user_permissions (
    id bigint NOT NULL,
    customuser_id bigint NOT NULL,
    permission_id integer NOT NULL
);


ALTER TABLE public.accounts_customuser_user_permissions OWNER TO admin;

--
-- Name: accounts_customuser_user_permissions_id_seq; Type: SEQUENCE; Schema: public; Owner: admin
--

ALTER TABLE public.accounts_customuser_user_permissions ALTER COLUMN id ADD GENERATED BY DEFAULT AS IDENTITY (
    SEQUENCE NAME public.accounts_customuser_user_permissions_id_seq
    START WITH 1
    INCREMENT BY 1
    NO MINVALUE
    NO MAXVALUE
    CACHE 1
);


--
-- Name: auth_group; Type: TABLE; Schema: public; Owner: admin
--

CREATE TABLE public.auth_group (
    id integer NOT NULL,
    name character varying(150) NOT NULL
);


ALTER TABLE public.auth_group OWNER TO admin;

--
-- Name: auth_group_id_seq; Type: SEQUENCE; Schema: public; Owner: admin
--

ALTER TABLE public.auth_group ALTER COLUMN id ADD GENERATED BY DEFAULT AS IDENTITY (
    SEQUENCE NAME public.auth_group_id_seq
    START WITH 1
    INCREMENT BY 1
    NO MINVALUE
    NO MAXVALUE
    CACHE 1
);


--
-- Name: auth_group_permissions; Type: TABLE; Schema: public; Owner: admin
--

CREATE TABLE public.auth_group_permissions (
    id bigint NOT NULL,
    group_id integer NOT NULL,
    permission_id integer NOT NULL
);


ALTER TABLE public.auth_group_permissions OWNER TO admin;

--
-- Name: auth_group_permissions_id_seq; Type: SEQUENCE; Schema: public; Owner: admin
--

ALTER TABLE public.auth_group_permissions ALTER COLUMN id ADD GENERATED BY DEFAULT AS IDENTITY (
    SEQUENCE NAME public.auth_group_permissions_id_seq
    START WITH 1
    INCREMENT BY 1
    NO MINVALUE
    NO MAXVALUE
    CACHE 1
);


--
-- Name: auth_permission; Type: TABLE; Schema: public; Owner: admin
--

CREATE TABLE public.auth_permission (
    id integer NOT NULL,
    name character varying(255) NOT NULL,
    content_type_id integer NOT NULL,
    codename character varying(100) NOT NULL
);


ALTER TABLE public.auth_permission OWNER TO admin;

--
-- Name: auth_permission_id_seq; Type: SEQUENCE; Schema: public; Owner: admin
--

ALTER TABLE public.auth_permission ALTER COLUMN id ADD GENERATED BY DEFAULT AS IDENTITY (
    SEQUENCE NAME public.auth_permission_id_seq
    START WITH 1
    INCREMENT BY 1
    NO MINVALUE
    NO MAXVALUE
    CACHE 1
);


--
-- Name: clients_client; Type: TABLE; Schema: public; Owner: admin
--

CREATE TABLE public.clients_client (
    id bigint NOT NULL,
    first_name character varying(30) NOT NULL,
    last_name character varying(30) NOT NULL,
    address character varying(60) NOT NULL,
    user_id bigint NOT NULL
);


ALTER TABLE public.clients_client OWNER TO admin;

--
-- Name: clients_client_id_seq; Type: SEQUENCE; Schema: public; Owner: admin
--

ALTER TABLE public.clients_client ALTER COLUMN id ADD GENERATED BY DEFAULT AS IDENTITY (
    SEQUENCE NAME public.clients_client_id_seq
    START WITH 1
    INCREMENT BY 1
    NO MINVALUE
    NO MAXVALUE
    CACHE 1
);


--
-- Name: django_admin_log; Type: TABLE; Schema: public; Owner: admin
--

CREATE TABLE public.django_admin_log (
    id integer NOT NULL,
    action_time timestamp with time zone NOT NULL,
    object_id text,
    object_repr character varying(200) NOT NULL,
    action_flag smallint NOT NULL,
    change_message text NOT NULL,
    content_type_id integer,
    user_id bigint NOT NULL,
    CONSTRAINT django_admin_log_action_flag_check CHECK ((action_flag >= 0))
);


ALTER TABLE public.django_admin_log OWNER TO admin;

--
-- Name: django_admin_log_id_seq; Type: SEQUENCE; Schema: public; Owner: admin
--

ALTER TABLE public.django_admin_log ALTER COLUMN id ADD GENERATED BY DEFAULT AS IDENTITY (
    SEQUENCE NAME public.django_admin_log_id_seq
    START WITH 1
    INCREMENT BY 1
    NO MINVALUE
    NO MAXVALUE
    CACHE 1
);


--
-- Name: django_content_type; Type: TABLE; Schema: public; Owner: admin
--

CREATE TABLE public.django_content_type (
    id integer NOT NULL,
    app_label character varying(100) NOT NULL,
    model character varying(100) NOT NULL
);


ALTER TABLE public.django_content_type OWNER TO admin;

--
-- Name: django_content_type_id_seq; Type: SEQUENCE; Schema: public; Owner: admin
--

ALTER TABLE public.django_content_type ALTER COLUMN id ADD GENERATED BY DEFAULT AS IDENTITY (
    SEQUENCE NAME public.django_content_type_id_seq
    START WITH 1
    INCREMENT BY 1
    NO MINVALUE
    NO MAXVALUE
    CACHE 1
);


--
-- Name: django_migrations; Type: TABLE; Schema: public; Owner: admin
--

CREATE TABLE public.django_migrations (
    id bigint NOT NULL,
    app character varying(255) NOT NULL,
    name character varying(255) NOT NULL,
    applied timestamp with time zone NOT NULL
);


ALTER TABLE public.django_migrations OWNER TO admin;

--
-- Name: django_migrations_id_seq; Type: SEQUENCE; Schema: public; Owner: admin
--

ALTER TABLE public.django_migrations ALTER COLUMN id ADD GENERATED BY DEFAULT AS IDENTITY (
    SEQUENCE NAME public.django_migrations_id_seq
    START WITH 1
    INCREMENT BY 1
    NO MINVALUE
    NO MAXVALUE
    CACHE 1
);


--
-- Name: django_session; Type: TABLE; Schema: public; Owner: admin
--

CREATE TABLE public.django_session (
    session_key character varying(40) NOT NULL,
    session_data text NOT NULL,
    expire_date timestamp with time zone NOT NULL
);


ALTER TABLE public.django_session OWNER TO admin;

--
-- Name: employees_employee; Type: TABLE; Schema: public; Owner: admin
--

CREATE TABLE public.employees_employee (
    id bigint NOT NULL,
    first_name character varying(50) NOT NULL,
    last_name character varying(50) NOT NULL,
    employer_id bigint NOT NULL,
    user_id bigint NOT NULL
);


ALTER TABLE public.employees_employee OWNER TO admin;

--
-- Name: employees_employee_id_seq; Type: SEQUENCE; Schema: public; Owner: admin
--

ALTER TABLE public.employees_employee ALTER COLUMN id ADD GENERATED BY DEFAULT AS IDENTITY (
    SEQUENCE NAME public.employees_employee_id_seq
    START WITH 1
    INCREMENT BY 1
    NO MINVALUE
    NO MAXVALUE
    CACHE 1
);


--
-- Name: employers_employer; Type: TABLE; Schema: public; Owner: admin
--

CREATE TABLE public.employers_employer (
    id bigint NOT NULL,
    company_name character varying(50) NOT NULL,
    company_description text NOT NULL,
    user_id bigint NOT NULL
);


ALTER TABLE public.employers_employer OWNER TO admin;

--
-- Name: employers_employer_id_seq; Type: SEQUENCE; Schema: public; Owner: admin
--

ALTER TABLE public.employers_employer ALTER COLUMN id ADD GENERATED BY DEFAULT AS IDENTITY (
    SEQUENCE NAME public.employers_employer_id_seq
    START WITH 1
    INCREMENT BY 1
    NO MINVALUE
    NO MAXVALUE
    CACHE 1
);


--
-- Name: orders_order; Type: TABLE; Schema: public; Owner: admin
--

CREATE TABLE public.orders_order (
    id integer NOT NULL,
    user_id integer NOT NULL,
    offer_id integer NOT NULL,
    address character varying(100) NOT NULL,
    square_meters numeric(6,2) NOT NULL,
    service_date date NOT NULL,
    service_time time without time zone NOT NULL,
    created_at timestamp without time zone DEFAULT CURRENT_TIMESTAMP NOT NULL,
    status character varying(100) DEFAULT 'в ожидании'::character varying NOT NULL
);


ALTER TABLE public.orders_order OWNER TO admin;

--
-- Name: orders_order_id_seq; Type: SEQUENCE; Schema: public; Owner: admin
--

CREATE SEQUENCE public.orders_order_id_seq
    AS integer
    START WITH 1
    INCREMENT BY 1
    NO MINVALUE
    NO MAXVALUE
    CACHE 1;


ALTER TABLE public.orders_order_id_seq OWNER TO admin;

--
-- Name: orders_order_id_seq; Type: SEQUENCE OWNED BY; Schema: public; Owner: admin
--

ALTER SEQUENCE public.orders_order_id_seq OWNED BY public.orders_order.id;


--
-- Name: orders_task; Type: TABLE; Schema: public; Owner: admin
--

CREATE TABLE public.orders_task (
    id integer NOT NULL,
    order_id integer NOT NULL,
    description text NOT NULL
);


ALTER TABLE public.orders_task OWNER TO admin;

--
-- Name: orders_task_id_seq; Type: SEQUENCE; Schema: public; Owner: admin
--

CREATE SEQUENCE public.orders_task_id_seq
    AS integer
    START WITH 1
    INCREMENT BY 1
    NO MINVALUE
    NO MAXVALUE
    CACHE 1;


ALTER TABLE public.orders_task_id_seq OWNER TO admin;

--
-- Name: orders_task_id_seq; Type: SEQUENCE OWNED BY; Schema: public; Owner: admin
--

ALTER SEQUENCE public.orders_task_id_seq OWNED BY public.orders_task.id;


--
-- Name: services_offer; Type: TABLE; Schema: public; Owner: admin
--

CREATE TABLE public.services_offer (
    id bigint NOT NULL,
    title character varying(100) NOT NULL,
    description text NOT NULL,
    price integer NOT NULL,
    employer_id bigint NOT NULL,
    subservice_id bigint NOT NULL
);


ALTER TABLE public.services_offer OWNER TO admin;

--
-- Name: services_offer_id_seq; Type: SEQUENCE; Schema: public; Owner: admin
--

ALTER TABLE public.services_offer ALTER COLUMN id ADD GENERATED BY DEFAULT AS IDENTITY (
    SEQUENCE NAME public.services_offer_id_seq
    START WITH 1
    INCREMENT BY 1
    NO MINVALUE
    NO MAXVALUE
    CACHE 1
);


--
-- Name: services_service; Type: TABLE; Schema: public; Owner: admin
--

CREATE TABLE public.services_service (
    id bigint NOT NULL,
    name character varying(100) NOT NULL
);


ALTER TABLE public.services_service OWNER TO admin;

--
-- Name: services_service_id_seq; Type: SEQUENCE; Schema: public; Owner: admin
--

ALTER TABLE public.services_service ALTER COLUMN id ADD GENERATED BY DEFAULT AS IDENTITY (
    SEQUENCE NAME public.services_service_id_seq
    START WITH 1
    INCREMENT BY 1
    NO MINVALUE
    NO MAXVALUE
    CACHE 1
);


--
-- Name: services_subservice; Type: TABLE; Schema: public; Owner: admin
--

CREATE TABLE public.services_subservice (
    id bigint NOT NULL,
    name character varying(100) NOT NULL,
    service_id bigint NOT NULL
);


ALTER TABLE public.services_subservice OWNER TO admin;

--
-- Name: services_subservice_id_seq; Type: SEQUENCE; Schema: public; Owner: admin
--

ALTER TABLE public.services_subservice ALTER COLUMN id ADD GENERATED BY DEFAULT AS IDENTITY (
    SEQUENCE NAME public.services_subservice_id_seq
    START WITH 1
    INCREMENT BY 1
    NO MINVALUE
    NO MAXVALUE
    CACHE 1
);


--
-- Name: orders_order id; Type: DEFAULT; Schema: public; Owner: admin
--

ALTER TABLE ONLY public.orders_order ALTER COLUMN id SET DEFAULT nextval('public.orders_order_id_seq'::regclass);


--
-- Name: orders_task id; Type: DEFAULT; Schema: public; Owner: admin
--

ALTER TABLE ONLY public.orders_task ALTER COLUMN id SET DEFAULT nextval('public.orders_task_id_seq'::regclass);


--
-- Data for Name: accounts_customuser; Type: TABLE DATA; Schema: public; Owner: admin
--

COPY public.accounts_customuser (id, password, last_login, is_superuser, email, phone, is_active, is_staff, role) FROM stdin;
87	pbkdf2_sha256$600000$M0ZLywl3Mo2PXYM9XdIf0c$ve+w3Jlmu70I85a2P5LWatniQ91fH7HBvcVP9ZV6TmE=	\N	f	\N	87083640360	t	f	client
88	pbkdf2_sha256$600000$vXMrBm58i7WNP2VDZ9FnZE$sxiHdXIpOPFUbzg9699Hlet/FzbvwHoadWFzqXOD4O0=	\N	f	\N	87083640361	t	f	client
89	pbkdf2_sha256$600000$ndumEWLcs5wjsmRIScGdtW$CTtIVKPZxH97ddmMDaZ5SbvyI+72Hm3zoY3MN5ZWSWQ=	\N	f	\N	87083640362	t	f	client
90	pbkdf2_sha256$600000$y3ILwNEeB5K8Ql1Xg29K87$U/il9pn+JP9nASdk8TPbIxM7uRa0iFUYqisOCHTNOe4=	\N	f	\N	87083640363	t	f	client
91	pbkdf2_sha256$600000$sojAxbq1SpJmxAfHtyYw2z$VeIu2dm3+4cqDomi67GlnNa0WWLGGSGJ808gXtbnyb4=	\N	f	\N	87083640364	t	f	client
83	pbkdf2_sha256$600000$PDNiJliinsDpCrSVXzFtyb$VtX1zp3tRjNpmMvNV1e2xat6HSSVa5KCxJLuYjVvHGQ=	\N	f	gc1@x.com	\N	t	f	employer
84	pbkdf2_sha256$600000$Bh8Z7lRcoq3kyBnna6zA8F$lr6kpdCgDI5Ke81LyYlK0O30NhAi3GHDphUGeui6C1Q=	\N	f	gc2@x.com	\N	t	f	
85	pbkdf2_sha256$600000$JQd10XrBIL9lK77PXqBcBB$SxzNG6EJL4HcAbgzWnSFmQ1WSN22ZwyN5B6pxB2bi6E=	\N	f	\N	87083640350	t	f	employee
86	pbkdf2_sha256$600000$ci7yNGISpTpGKLyic5HJ6d$3/TU2/OIe3pJfuZ3Cu9TtmwY+BNrAlhdV+K+5jnkfFU=	\N	f	\N	87083640358	t	f	client
\.


--
-- Data for Name: accounts_customuser_groups; Type: TABLE DATA; Schema: public; Owner: admin
--

COPY public.accounts_customuser_groups (id, customuser_id, group_id) FROM stdin;
\.


--
-- Data for Name: accounts_customuser_user_permissions; Type: TABLE DATA; Schema: public; Owner: admin
--

COPY public.accounts_customuser_user_permissions (id, customuser_id, permission_id) FROM stdin;
\.


--
-- Data for Name: auth_group; Type: TABLE DATA; Schema: public; Owner: admin
--

COPY public.auth_group (id, name) FROM stdin;
\.


--
-- Data for Name: auth_group_permissions; Type: TABLE DATA; Schema: public; Owner: admin
--

COPY public.auth_group_permissions (id, group_id, permission_id) FROM stdin;
\.


--
-- Data for Name: auth_permission; Type: TABLE DATA; Schema: public; Owner: admin
--

COPY public.auth_permission (id, name, content_type_id, codename) FROM stdin;
1	Can add log entry	1	add_logentry
2	Can change log entry	1	change_logentry
3	Can delete log entry	1	delete_logentry
4	Can view log entry	1	view_logentry
5	Can add permission	2	add_permission
6	Can change permission	2	change_permission
7	Can delete permission	2	delete_permission
8	Can view permission	2	view_permission
9	Can add group	3	add_group
10	Can change group	3	change_group
11	Can delete group	3	delete_group
12	Can view group	3	view_group
13	Can add content type	4	add_contenttype
14	Can change content type	4	change_contenttype
15	Can delete content type	4	delete_contenttype
16	Can view content type	4	view_contenttype
17	Can add session	5	add_session
18	Can change session	5	change_session
19	Can delete session	5	delete_session
20	Can view session	5	view_session
21	Can add custom user	6	add_customuser
22	Can change custom user	6	change_customuser
23	Can delete custom user	6	delete_customuser
24	Can view custom user	6	view_customuser
25	Can add employer	7	add_employer
26	Can change employer	7	change_employer
27	Can delete employer	7	delete_employer
28	Can view employer	7	view_employer
29	Can add employer	8	add_employer
30	Can change employer	8	change_employer
31	Can delete employer	8	delete_employer
32	Can view employer	8	view_employer
33	Can add sub service	9	add_subservice
34	Can change sub service	9	change_subservice
35	Can delete sub service	9	delete_subservice
36	Can view sub service	9	view_subservice
37	Can add service	10	add_service
38	Can change service	10	change_service
39	Can delete service	10	delete_service
40	Can view service	10	view_service
41	Can add employee	11	add_employee
42	Can change employee	11	change_employee
43	Can delete employee	11	delete_employee
44	Can view employee	11	view_employee
45	Can add client	12	add_client
46	Can change client	12	change_client
47	Can delete client	12	delete_client
48	Can view client	12	view_client
49	Can add offer	13	add_offer
50	Can change offer	13	change_offer
51	Can delete offer	13	delete_offer
52	Can view offer	13	view_offer
53	Can add category	14	add_category
54	Can change category	14	change_category
55	Can delete category	14	delete_category
56	Can view category	14	view_category
57	Can add employer service	15	add_employerservice
58	Can change employer service	15	change_employerservice
59	Can delete employer service	15	delete_employerservice
60	Can view employer service	15	view_employerservice
61	Can add task	16	add_task
62	Can change task	16	change_task
63	Can delete task	16	delete_task
64	Can view task	16	view_task
65	Can add order	17	add_order
66	Can change order	17	change_order
67	Can delete order	17	delete_order
68	Can view order	17	view_order
\.


--
-- Data for Name: clients_client; Type: TABLE DATA; Schema: public; Owner: admin
--

COPY public.clients_client (id, first_name, last_name, address, user_id) FROM stdin;
6	Mura	Оспанов	Ермекова 45	86
7		Оспанов	Ермекова 45	87
8	Азамат	Шонов	Можайского 3	88
9	Азамат	Шонов	Можайского 3	89
10	Азамат	Шонов	Можайского 3	90
11				91
\.


--
-- Data for Name: django_admin_log; Type: TABLE DATA; Schema: public; Owner: admin
--

COPY public.django_admin_log (id, action_time, object_id, object_repr, action_flag, change_message, content_type_id, user_id) FROM stdin;
\.


--
-- Data for Name: django_content_type; Type: TABLE DATA; Schema: public; Owner: admin
--

COPY public.django_content_type (id, app_label, model) FROM stdin;
1	admin	logentry
2	auth	permission
3	auth	group
4	contenttypes	contenttype
5	sessions	session
6	accounts	customuser
7	accounts	employer
8	employers	employer
9	services	subservice
10	services	service
11	employees	employee
12	clients	client
13	services	offer
14	services	category
15	services	employerservice
16	orders	task
17	orders	order
\.


--
-- Data for Name: django_migrations; Type: TABLE DATA; Schema: public; Owner: admin
--

COPY public.django_migrations (id, app, name, applied) FROM stdin;
1	contenttypes	0001_initial	2024-02-29 14:52:47.066886+06
2	contenttypes	0002_remove_content_type_name	2024-02-29 14:52:47.071625+06
3	auth	0001_initial	2024-02-29 14:52:47.103336+06
4	auth	0002_alter_permission_name_max_length	2024-02-29 14:52:47.107162+06
5	auth	0003_alter_user_email_max_length	2024-02-29 14:52:47.111624+06
6	auth	0004_alter_user_username_opts	2024-02-29 14:52:47.116365+06
7	auth	0005_alter_user_last_login_null	2024-02-29 14:52:47.120745+06
8	auth	0006_require_contenttypes_0002	2024-02-29 14:52:47.122959+06
9	auth	0007_alter_validators_add_error_messages	2024-02-29 14:52:47.127646+06
10	auth	0008_alter_user_username_max_length	2024-02-29 14:52:47.133194+06
11	auth	0009_alter_user_last_name_max_length	2024-02-29 14:52:47.138655+06
12	auth	0010_alter_group_name_max_length	2024-02-29 14:52:47.143254+06
13	auth	0011_update_proxy_permissions	2024-02-29 14:52:47.149798+06
14	auth	0012_alter_user_first_name_max_length	2024-02-29 14:52:47.155295+06
15	accounts	0001_initial	2024-02-29 14:52:47.20003+06
16	admin	0001_initial	2024-02-29 14:52:47.217693+06
17	admin	0002_logentry_remove_auto_add	2024-02-29 14:52:47.223685+06
18	admin	0003_logentry_add_action_flag_choices	2024-02-29 14:52:47.230872+06
19	sessions	0001_initial	2024-02-29 14:52:47.244688+06
20	accounts	0002_rename_company_dicription_employer_company_description	2024-02-29 16:01:55.498739+06
21	accounts	0003_alter_employer_company_description	2024-02-29 20:22:00.055161+06
22	accounts	0004_alter_customuser_email_alter_customuser_phone_and_more	2024-02-29 20:47:21.171858+06
23	accounts	0005_delete_employer	2024-02-29 20:53:50.983149+06
24	employers	0001_initial	2024-02-29 20:56:20.475171+06
25	services	0001_initial	2024-02-29 21:28:07.750344+06
26	employees	0001_initial	2024-03-01 17:53:16.120393+05
27	employees	0002_alter_employee_employer	2024-03-01 18:06:25.671473+05
28	accounts	0006_customuser_role	2024-03-05 10:37:19.294445+05
29	accounts	0007_remove_customuser_username	2024-03-05 19:00:37.145455+05
30	accounts	0008_alter_customuser_managers_remove_customuser_role_and_more	2024-03-11 17:41:09.175171+05
31	accounts	0009_customuser_role	2024-03-12 15:56:25.617775+05
32	clients	0001_initial	2024-03-12 15:56:25.637851+05
33	accounts	0010_alter_customuser_role	2024-03-13 15:20:24.477478+05
34	services	0002_remove_subservice_description_and_more	2024-03-18 02:18:33.479784+05
35	services	0003_offer	2024-03-18 02:19:22.525848+05
36	services	0004_category_employerservice_remove_subservice_service_and_more	2024-03-18 19:47:28.300273+05
37	services	0005_offer_subservice_remove_employerservice_employer_and_more	2024-03-21 20:03:31.239957+05
38	orders	0001_initial	2024-03-27 18:06:42.372817+05
39	orders	0002_alter_order_service_time	2024-04-02 17:00:53.333652+05
40	orders	0003_alter_order_user	2024-04-02 18:35:09.084647+05
\.


--
-- Data for Name: django_session; Type: TABLE DATA; Schema: public; Owner: admin
--

COPY public.django_session (session_key, session_data, expire_date) FROM stdin;
\.


--
-- Data for Name: employees_employee; Type: TABLE DATA; Schema: public; Owner: admin
--

COPY public.employees_employee (id, first_name, last_name, employer_id, user_id) FROM stdin;
\.


--
-- Data for Name: employers_employer; Type: TABLE DATA; Schema: public; Owner: admin
--

COPY public.employers_employer (id, company_name, company_description, user_id) FROM stdin;
34	green clean		83
\.


--
-- Data for Name: orders_order; Type: TABLE DATA; Schema: public; Owner: admin
--

COPY public.orders_order (id, user_id, offer_id, address, square_meters, service_date, service_time, created_at, status) FROM stdin;
1	87	4	Бухар-Жырау	100.00	2024-04-28	18:00:00	2024-04-02 12:07:07.916699	в ожидании
4	87	4	Бухар-Жырау	100.00	2024-04-02	19:00:00	2024-04-02 13:35:23.234032	в ожидании
\.


--
-- Data for Name: orders_task; Type: TABLE DATA; Schema: public; Owner: admin
--

COPY public.orders_task (id, order_id, description) FROM stdin;
1	1	Убрать в кухне
2	1	Убраться в зале
3	4	Убрать в кухне
4	4	Убраться в зале
\.


--
-- Data for Name: services_offer; Type: TABLE DATA; Schema: public; Owner: admin
--

COPY public.services_offer (id, title, description, price, employer_id, subservice_id) FROM stdin;
4	Дезинфекция	Уничтожение бактерий	1000	34	6
5	Дератизация	Уничтожение грызунов	1000	34	6
6	Дезинсекция	Уничтожение насекомых	1000	34	6
\.


--
-- Data for Name: services_service; Type: TABLE DATA; Schema: public; Owner: admin
--

COPY public.services_service (id, name) FROM stdin;
8	Бытовой ремонт
9	Строительство и отделка
10	Уборка и санитария
\.


--
-- Data for Name: services_subservice; Type: TABLE DATA; Schema: public; Owner: admin
--

COPY public.services_subservice (id, name, service_id) FROM stdin;
4	Услуги уборки и клининга	10
5	Услуги химчитски	10
6	Санитарно-эпидемиологические услуги	10
\.


--
-- Name: accounts_customuser_groups_id_seq; Type: SEQUENCE SET; Schema: public; Owner: admin
--

SELECT pg_catalog.setval('public.accounts_customuser_groups_id_seq', 1, false);


--
-- Name: accounts_customuser_id_seq; Type: SEQUENCE SET; Schema: public; Owner: admin
--

SELECT pg_catalog.setval('public.accounts_customuser_id_seq', 91, true);


--
-- Name: accounts_customuser_user_permissions_id_seq; Type: SEQUENCE SET; Schema: public; Owner: admin
--

SELECT pg_catalog.setval('public.accounts_customuser_user_permissions_id_seq', 1, false);


--
-- Name: auth_group_id_seq; Type: SEQUENCE SET; Schema: public; Owner: admin
--

SELECT pg_catalog.setval('public.auth_group_id_seq', 1, false);


--
-- Name: auth_group_permissions_id_seq; Type: SEQUENCE SET; Schema: public; Owner: admin
--

SELECT pg_catalog.setval('public.auth_group_permissions_id_seq', 1, false);


--
-- Name: auth_permission_id_seq; Type: SEQUENCE SET; Schema: public; Owner: admin
--

SELECT pg_catalog.setval('public.auth_permission_id_seq', 68, true);


--
-- Name: clients_client_id_seq; Type: SEQUENCE SET; Schema: public; Owner: admin
--

SELECT pg_catalog.setval('public.clients_client_id_seq', 11, true);


--
-- Name: django_admin_log_id_seq; Type: SEQUENCE SET; Schema: public; Owner: admin
--

SELECT pg_catalog.setval('public.django_admin_log_id_seq', 1, false);


--
-- Name: django_content_type_id_seq; Type: SEQUENCE SET; Schema: public; Owner: admin
--

SELECT pg_catalog.setval('public.django_content_type_id_seq', 17, true);


--
-- Name: django_migrations_id_seq; Type: SEQUENCE SET; Schema: public; Owner: admin
--

SELECT pg_catalog.setval('public.django_migrations_id_seq', 40, true);


--
-- Name: employees_employee_id_seq; Type: SEQUENCE SET; Schema: public; Owner: admin
--

SELECT pg_catalog.setval('public.employees_employee_id_seq', 5, true);


--
-- Name: employers_employer_id_seq; Type: SEQUENCE SET; Schema: public; Owner: admin
--

SELECT pg_catalog.setval('public.employers_employer_id_seq', 34, true);


--
-- Name: orders_order_id_seq; Type: SEQUENCE SET; Schema: public; Owner: admin
--

SELECT pg_catalog.setval('public.orders_order_id_seq', 4, true);


--
-- Name: orders_task_id_seq; Type: SEQUENCE SET; Schema: public; Owner: admin
--

SELECT pg_catalog.setval('public.orders_task_id_seq', 4, true);


--
-- Name: services_offer_id_seq; Type: SEQUENCE SET; Schema: public; Owner: admin
--

SELECT pg_catalog.setval('public.services_offer_id_seq', 6, true);


--
-- Name: services_service_id_seq; Type: SEQUENCE SET; Schema: public; Owner: admin
--

SELECT pg_catalog.setval('public.services_service_id_seq', 10, true);


--
-- Name: services_subservice_id_seq; Type: SEQUENCE SET; Schema: public; Owner: admin
--

SELECT pg_catalog.setval('public.services_subservice_id_seq', 6, true);


--
-- Name: accounts_customuser accounts_customuser_email_key; Type: CONSTRAINT; Schema: public; Owner: admin
--

ALTER TABLE ONLY public.accounts_customuser
    ADD CONSTRAINT accounts_customuser_email_key UNIQUE (email);


--
-- Name: accounts_customuser_groups accounts_customuser_groups_customuser_id_group_id_c074bdcb_uniq; Type: CONSTRAINT; Schema: public; Owner: admin
--

ALTER TABLE ONLY public.accounts_customuser_groups
    ADD CONSTRAINT accounts_customuser_groups_customuser_id_group_id_c074bdcb_uniq UNIQUE (customuser_id, group_id);


--
-- Name: accounts_customuser_groups accounts_customuser_groups_pkey; Type: CONSTRAINT; Schema: public; Owner: admin
--

ALTER TABLE ONLY public.accounts_customuser_groups
    ADD CONSTRAINT accounts_customuser_groups_pkey PRIMARY KEY (id);


--
-- Name: accounts_customuser accounts_customuser_phone_key; Type: CONSTRAINT; Schema: public; Owner: admin
--

ALTER TABLE ONLY public.accounts_customuser
    ADD CONSTRAINT accounts_customuser_phone_key UNIQUE (phone);


--
-- Name: accounts_customuser accounts_customuser_pkey; Type: CONSTRAINT; Schema: public; Owner: admin
--

ALTER TABLE ONLY public.accounts_customuser
    ADD CONSTRAINT accounts_customuser_pkey PRIMARY KEY (id);


--
-- Name: accounts_customuser_user_permissions accounts_customuser_user_customuser_id_permission_9632a709_uniq; Type: CONSTRAINT; Schema: public; Owner: admin
--

ALTER TABLE ONLY public.accounts_customuser_user_permissions
    ADD CONSTRAINT accounts_customuser_user_customuser_id_permission_9632a709_uniq UNIQUE (customuser_id, permission_id);


--
-- Name: accounts_customuser_user_permissions accounts_customuser_user_permissions_pkey; Type: CONSTRAINT; Schema: public; Owner: admin
--

ALTER TABLE ONLY public.accounts_customuser_user_permissions
    ADD CONSTRAINT accounts_customuser_user_permissions_pkey PRIMARY KEY (id);


--
-- Name: auth_group auth_group_name_key; Type: CONSTRAINT; Schema: public; Owner: admin
--

ALTER TABLE ONLY public.auth_group
    ADD CONSTRAINT auth_group_name_key UNIQUE (name);


--
-- Name: auth_group_permissions auth_group_permissions_group_id_permission_id_0cd325b0_uniq; Type: CONSTRAINT; Schema: public; Owner: admin
--

ALTER TABLE ONLY public.auth_group_permissions
    ADD CONSTRAINT auth_group_permissions_group_id_permission_id_0cd325b0_uniq UNIQUE (group_id, permission_id);


--
-- Name: auth_group_permissions auth_group_permissions_pkey; Type: CONSTRAINT; Schema: public; Owner: admin
--

ALTER TABLE ONLY public.auth_group_permissions
    ADD CONSTRAINT auth_group_permissions_pkey PRIMARY KEY (id);


--
-- Name: auth_group auth_group_pkey; Type: CONSTRAINT; Schema: public; Owner: admin
--

ALTER TABLE ONLY public.auth_group
    ADD CONSTRAINT auth_group_pkey PRIMARY KEY (id);


--
-- Name: auth_permission auth_permission_content_type_id_codename_01ab375a_uniq; Type: CONSTRAINT; Schema: public; Owner: admin
--

ALTER TABLE ONLY public.auth_permission
    ADD CONSTRAINT auth_permission_content_type_id_codename_01ab375a_uniq UNIQUE (content_type_id, codename);


--
-- Name: auth_permission auth_permission_pkey; Type: CONSTRAINT; Schema: public; Owner: admin
--

ALTER TABLE ONLY public.auth_permission
    ADD CONSTRAINT auth_permission_pkey PRIMARY KEY (id);


--
-- Name: clients_client clients_client_pkey; Type: CONSTRAINT; Schema: public; Owner: admin
--

ALTER TABLE ONLY public.clients_client
    ADD CONSTRAINT clients_client_pkey PRIMARY KEY (id);


--
-- Name: clients_client clients_client_user_id_key; Type: CONSTRAINT; Schema: public; Owner: admin
--

ALTER TABLE ONLY public.clients_client
    ADD CONSTRAINT clients_client_user_id_key UNIQUE (user_id);


--
-- Name: django_admin_log django_admin_log_pkey; Type: CONSTRAINT; Schema: public; Owner: admin
--

ALTER TABLE ONLY public.django_admin_log
    ADD CONSTRAINT django_admin_log_pkey PRIMARY KEY (id);


--
-- Name: django_content_type django_content_type_app_label_model_76bd3d3b_uniq; Type: CONSTRAINT; Schema: public; Owner: admin
--

ALTER TABLE ONLY public.django_content_type
    ADD CONSTRAINT django_content_type_app_label_model_76bd3d3b_uniq UNIQUE (app_label, model);


--
-- Name: django_content_type django_content_type_pkey; Type: CONSTRAINT; Schema: public; Owner: admin
--

ALTER TABLE ONLY public.django_content_type
    ADD CONSTRAINT django_content_type_pkey PRIMARY KEY (id);


--
-- Name: django_migrations django_migrations_pkey; Type: CONSTRAINT; Schema: public; Owner: admin
--

ALTER TABLE ONLY public.django_migrations
    ADD CONSTRAINT django_migrations_pkey PRIMARY KEY (id);


--
-- Name: django_session django_session_pkey; Type: CONSTRAINT; Schema: public; Owner: admin
--

ALTER TABLE ONLY public.django_session
    ADD CONSTRAINT django_session_pkey PRIMARY KEY (session_key);


--
-- Name: employees_employee employees_employee_pkey; Type: CONSTRAINT; Schema: public; Owner: admin
--

ALTER TABLE ONLY public.employees_employee
    ADD CONSTRAINT employees_employee_pkey PRIMARY KEY (id);


--
-- Name: employees_employee employees_employee_user_id_key; Type: CONSTRAINT; Schema: public; Owner: admin
--

ALTER TABLE ONLY public.employees_employee
    ADD CONSTRAINT employees_employee_user_id_key UNIQUE (user_id);


--
-- Name: employers_employer employers_employer_pkey; Type: CONSTRAINT; Schema: public; Owner: admin
--

ALTER TABLE ONLY public.employers_employer
    ADD CONSTRAINT employers_employer_pkey PRIMARY KEY (id);


--
-- Name: employers_employer employers_employer_user_id_key; Type: CONSTRAINT; Schema: public; Owner: admin
--

ALTER TABLE ONLY public.employers_employer
    ADD CONSTRAINT employers_employer_user_id_key UNIQUE (user_id);


--
-- Name: orders_order orders_order_pkey; Type: CONSTRAINT; Schema: public; Owner: admin
--

ALTER TABLE ONLY public.orders_order
    ADD CONSTRAINT orders_order_pkey PRIMARY KEY (id);


--
-- Name: orders_task orders_task_pkey; Type: CONSTRAINT; Schema: public; Owner: admin
--

ALTER TABLE ONLY public.orders_task
    ADD CONSTRAINT orders_task_pkey PRIMARY KEY (id);


--
-- Name: services_offer services_offer_pkey; Type: CONSTRAINT; Schema: public; Owner: admin
--

ALTER TABLE ONLY public.services_offer
    ADD CONSTRAINT services_offer_pkey PRIMARY KEY (id);


--
-- Name: services_service services_service_pkey; Type: CONSTRAINT; Schema: public; Owner: admin
--

ALTER TABLE ONLY public.services_service
    ADD CONSTRAINT services_service_pkey PRIMARY KEY (id);


--
-- Name: services_subservice services_subservice_pkey; Type: CONSTRAINT; Schema: public; Owner: admin
--

ALTER TABLE ONLY public.services_subservice
    ADD CONSTRAINT services_subservice_pkey PRIMARY KEY (id);


--
-- Name: accounts_customuser_email_4fd8e7ce_like; Type: INDEX; Schema: public; Owner: admin
--

CREATE INDEX accounts_customuser_email_4fd8e7ce_like ON public.accounts_customuser USING btree (email varchar_pattern_ops);


--
-- Name: accounts_customuser_groups_customuser_id_bc55088e; Type: INDEX; Schema: public; Owner: admin
--

CREATE INDEX accounts_customuser_groups_customuser_id_bc55088e ON public.accounts_customuser_groups USING btree (customuser_id);


--
-- Name: accounts_customuser_groups_group_id_86ba5f9e; Type: INDEX; Schema: public; Owner: admin
--

CREATE INDEX accounts_customuser_groups_group_id_86ba5f9e ON public.accounts_customuser_groups USING btree (group_id);


--
-- Name: accounts_customuser_phone_cd4af485_like; Type: INDEX; Schema: public; Owner: admin
--

CREATE INDEX accounts_customuser_phone_cd4af485_like ON public.accounts_customuser USING btree (phone varchar_pattern_ops);


--
-- Name: accounts_customuser_user_permissions_customuser_id_0deaefae; Type: INDEX; Schema: public; Owner: admin
--

CREATE INDEX accounts_customuser_user_permissions_customuser_id_0deaefae ON public.accounts_customuser_user_permissions USING btree (customuser_id);


--
-- Name: accounts_customuser_user_permissions_permission_id_aea3d0e5; Type: INDEX; Schema: public; Owner: admin
--

CREATE INDEX accounts_customuser_user_permissions_permission_id_aea3d0e5 ON public.accounts_customuser_user_permissions USING btree (permission_id);


--
-- Name: auth_group_name_a6ea08ec_like; Type: INDEX; Schema: public; Owner: admin
--

CREATE INDEX auth_group_name_a6ea08ec_like ON public.auth_group USING btree (name varchar_pattern_ops);


--
-- Name: auth_group_permissions_group_id_b120cbf9; Type: INDEX; Schema: public; Owner: admin
--

CREATE INDEX auth_group_permissions_group_id_b120cbf9 ON public.auth_group_permissions USING btree (group_id);


--
-- Name: auth_group_permissions_permission_id_84c5c92e; Type: INDEX; Schema: public; Owner: admin
--

CREATE INDEX auth_group_permissions_permission_id_84c5c92e ON public.auth_group_permissions USING btree (permission_id);


--
-- Name: auth_permission_content_type_id_2f476e4b; Type: INDEX; Schema: public; Owner: admin
--

CREATE INDEX auth_permission_content_type_id_2f476e4b ON public.auth_permission USING btree (content_type_id);


--
-- Name: django_admin_log_content_type_id_c4bce8eb; Type: INDEX; Schema: public; Owner: admin
--

CREATE INDEX django_admin_log_content_type_id_c4bce8eb ON public.django_admin_log USING btree (content_type_id);


--
-- Name: django_admin_log_user_id_c564eba6; Type: INDEX; Schema: public; Owner: admin
--

CREATE INDEX django_admin_log_user_id_c564eba6 ON public.django_admin_log USING btree (user_id);


--
-- Name: django_session_expire_date_a5c62663; Type: INDEX; Schema: public; Owner: admin
--

CREATE INDEX django_session_expire_date_a5c62663 ON public.django_session USING btree (expire_date);


--
-- Name: django_session_session_key_c0390e0f_like; Type: INDEX; Schema: public; Owner: admin
--

CREATE INDEX django_session_session_key_c0390e0f_like ON public.django_session USING btree (session_key varchar_pattern_ops);


--
-- Name: employees_employee_employer_id_e856b279; Type: INDEX; Schema: public; Owner: admin
--

CREATE INDEX employees_employee_employer_id_e856b279 ON public.employees_employee USING btree (employer_id);


--
-- Name: orders_order_user_id_e9b59eb1; Type: INDEX; Schema: public; Owner: admin
--

CREATE INDEX orders_order_user_id_e9b59eb1 ON public.orders_order USING btree (user_id);


--
-- Name: services_offer_employer_id_fecaaa70; Type: INDEX; Schema: public; Owner: admin
--

CREATE INDEX services_offer_employer_id_fecaaa70 ON public.services_offer USING btree (employer_id);


--
-- Name: services_offer_subservice_id_119c6d51; Type: INDEX; Schema: public; Owner: admin
--

CREATE INDEX services_offer_subservice_id_119c6d51 ON public.services_offer USING btree (subservice_id);


--
-- Name: services_subservice_service_id_a6a78ba2; Type: INDEX; Schema: public; Owner: admin
--

CREATE INDEX services_subservice_service_id_a6a78ba2 ON public.services_subservice USING btree (service_id);


--
-- Name: accounts_customuser_user_permissions accounts_customuser__customuser_id_0deaefae_fk_accounts_; Type: FK CONSTRAINT; Schema: public; Owner: admin
--

ALTER TABLE ONLY public.accounts_customuser_user_permissions
    ADD CONSTRAINT accounts_customuser__customuser_id_0deaefae_fk_accounts_ FOREIGN KEY (customuser_id) REFERENCES public.accounts_customuser(id) DEFERRABLE INITIALLY DEFERRED;


--
-- Name: accounts_customuser_groups accounts_customuser__customuser_id_bc55088e_fk_accounts_; Type: FK CONSTRAINT; Schema: public; Owner: admin
--

ALTER TABLE ONLY public.accounts_customuser_groups
    ADD CONSTRAINT accounts_customuser__customuser_id_bc55088e_fk_accounts_ FOREIGN KEY (customuser_id) REFERENCES public.accounts_customuser(id) DEFERRABLE INITIALLY DEFERRED;


--
-- Name: accounts_customuser_user_permissions accounts_customuser__permission_id_aea3d0e5_fk_auth_perm; Type: FK CONSTRAINT; Schema: public; Owner: admin
--

ALTER TABLE ONLY public.accounts_customuser_user_permissions
    ADD CONSTRAINT accounts_customuser__permission_id_aea3d0e5_fk_auth_perm FOREIGN KEY (permission_id) REFERENCES public.auth_permission(id) DEFERRABLE INITIALLY DEFERRED;


--
-- Name: accounts_customuser_groups accounts_customuser_groups_group_id_86ba5f9e_fk_auth_group_id; Type: FK CONSTRAINT; Schema: public; Owner: admin
--

ALTER TABLE ONLY public.accounts_customuser_groups
    ADD CONSTRAINT accounts_customuser_groups_group_id_86ba5f9e_fk_auth_group_id FOREIGN KEY (group_id) REFERENCES public.auth_group(id) DEFERRABLE INITIALLY DEFERRED;


--
-- Name: auth_group_permissions auth_group_permissio_permission_id_84c5c92e_fk_auth_perm; Type: FK CONSTRAINT; Schema: public; Owner: admin
--

ALTER TABLE ONLY public.auth_group_permissions
    ADD CONSTRAINT auth_group_permissio_permission_id_84c5c92e_fk_auth_perm FOREIGN KEY (permission_id) REFERENCES public.auth_permission(id) DEFERRABLE INITIALLY DEFERRED;


--
-- Name: auth_group_permissions auth_group_permissions_group_id_b120cbf9_fk_auth_group_id; Type: FK CONSTRAINT; Schema: public; Owner: admin
--

ALTER TABLE ONLY public.auth_group_permissions
    ADD CONSTRAINT auth_group_permissions_group_id_b120cbf9_fk_auth_group_id FOREIGN KEY (group_id) REFERENCES public.auth_group(id) DEFERRABLE INITIALLY DEFERRED;


--
-- Name: auth_permission auth_permission_content_type_id_2f476e4b_fk_django_co; Type: FK CONSTRAINT; Schema: public; Owner: admin
--

ALTER TABLE ONLY public.auth_permission
    ADD CONSTRAINT auth_permission_content_type_id_2f476e4b_fk_django_co FOREIGN KEY (content_type_id) REFERENCES public.django_content_type(id) DEFERRABLE INITIALLY DEFERRED;


--
-- Name: clients_client clients_client_user_id_57c8fc4a_fk_accounts_customuser_id; Type: FK CONSTRAINT; Schema: public; Owner: admin
--

ALTER TABLE ONLY public.clients_client
    ADD CONSTRAINT clients_client_user_id_57c8fc4a_fk_accounts_customuser_id FOREIGN KEY (user_id) REFERENCES public.accounts_customuser(id) DEFERRABLE INITIALLY DEFERRED;


--
-- Name: django_admin_log django_admin_log_content_type_id_c4bce8eb_fk_django_co; Type: FK CONSTRAINT; Schema: public; Owner: admin
--

ALTER TABLE ONLY public.django_admin_log
    ADD CONSTRAINT django_admin_log_content_type_id_c4bce8eb_fk_django_co FOREIGN KEY (content_type_id) REFERENCES public.django_content_type(id) DEFERRABLE INITIALLY DEFERRED;


--
-- Name: django_admin_log django_admin_log_user_id_c564eba6_fk_accounts_customuser_id; Type: FK CONSTRAINT; Schema: public; Owner: admin
--

ALTER TABLE ONLY public.django_admin_log
    ADD CONSTRAINT django_admin_log_user_id_c564eba6_fk_accounts_customuser_id FOREIGN KEY (user_id) REFERENCES public.accounts_customuser(id) DEFERRABLE INITIALLY DEFERRED;


--
-- Name: employees_employee employees_employee_employer_id_e856b279_fk_employers; Type: FK CONSTRAINT; Schema: public; Owner: admin
--

ALTER TABLE ONLY public.employees_employee
    ADD CONSTRAINT employees_employee_employer_id_e856b279_fk_employers FOREIGN KEY (employer_id) REFERENCES public.employers_employer(id) DEFERRABLE INITIALLY DEFERRED;


--
-- Name: employees_employee employees_employee_user_id_27bed289_fk_accounts_customuser_id; Type: FK CONSTRAINT; Schema: public; Owner: admin
--

ALTER TABLE ONLY public.employees_employee
    ADD CONSTRAINT employees_employee_user_id_27bed289_fk_accounts_customuser_id FOREIGN KEY (user_id) REFERENCES public.accounts_customuser(id) DEFERRABLE INITIALLY DEFERRED;


--
-- Name: employers_employer employers_employer_user_id_0c0d8d91_fk_accounts_customuser_id; Type: FK CONSTRAINT; Schema: public; Owner: admin
--

ALTER TABLE ONLY public.employers_employer
    ADD CONSTRAINT employers_employer_user_id_0c0d8d91_fk_accounts_customuser_id FOREIGN KEY (user_id) REFERENCES public.accounts_customuser(id) DEFERRABLE INITIALLY DEFERRED;


--
-- Name: orders_order fk_orders_offer; Type: FK CONSTRAINT; Schema: public; Owner: admin
--

ALTER TABLE ONLY public.orders_order
    ADD CONSTRAINT fk_orders_offer FOREIGN KEY (offer_id) REFERENCES public.services_offer(id) ON DELETE CASCADE;


--
-- Name: orders_task fk_tasks_order; Type: FK CONSTRAINT; Schema: public; Owner: admin
--

ALTER TABLE ONLY public.orders_task
    ADD CONSTRAINT fk_tasks_order FOREIGN KEY (order_id) REFERENCES public.orders_order(id) ON DELETE CASCADE;


--
-- Name: orders_order orders_order_user_id_e9b59eb1_fk_accounts_customuser_id; Type: FK CONSTRAINT; Schema: public; Owner: admin
--

ALTER TABLE ONLY public.orders_order
    ADD CONSTRAINT orders_order_user_id_e9b59eb1_fk_accounts_customuser_id FOREIGN KEY (user_id) REFERENCES public.accounts_customuser(id) DEFERRABLE INITIALLY DEFERRED;


--
-- Name: services_offer services_offer_employer_id_fecaaa70_fk_employers_employer_id; Type: FK CONSTRAINT; Schema: public; Owner: admin
--

ALTER TABLE ONLY public.services_offer
    ADD CONSTRAINT services_offer_employer_id_fecaaa70_fk_employers_employer_id FOREIGN KEY (employer_id) REFERENCES public.employers_employer(id) DEFERRABLE INITIALLY DEFERRED;


--
-- Name: services_offer services_offer_subservice_id_119c6d51_fk_services_subservice_id; Type: FK CONSTRAINT; Schema: public; Owner: admin
--

ALTER TABLE ONLY public.services_offer
    ADD CONSTRAINT services_offer_subservice_id_119c6d51_fk_services_subservice_id FOREIGN KEY (subservice_id) REFERENCES public.services_subservice(id) DEFERRABLE INITIALLY DEFERRED;


--
-- Name: services_subservice services_subservice_service_id_a6a78ba2_fk_services_service_id; Type: FK CONSTRAINT; Schema: public; Owner: admin
--

ALTER TABLE ONLY public.services_subservice
    ADD CONSTRAINT services_subservice_service_id_a6a78ba2_fk_services_service_id FOREIGN KEY (service_id) REFERENCES public.services_service(id) DEFERRABLE INITIALLY DEFERRED;


--
-- Name: SCHEMA public; Type: ACL; Schema: -; Owner: pg_database_owner
--

GRANT ALL ON SCHEMA public TO admin;


--
-- PostgreSQL database dump complete
--

