--
-- PostgreSQL database dump
--

-- Dumped from database version 15.5
-- Dumped by pg_dump version 15.5

SET statement_timeout = 0;
SET lock_timeout = 0;
SET idle_in_transaction_session_timeout = 0;
SET client_encoding = 'UTF8';
SET standard_conforming_strings = on;
SELECT pg_catalog.set_config('search_path', '', false);
SET check_function_bodies = false;
SET xmloption = content;
SET client_min_messages = warning;
SET row_security = off;

SET default_tablespace = '';

SET default_table_access_method = heap;

--
-- Name: auth_group; Type: TABLE; Schema: public; Owner: admin
--

CREATE TABLE public.auth_group (
    id integer NOT NULL,
    name character varying(150) NOT NULL
);


ALTER TABLE public.auth_group OWNER TO admin;

--
-- Name: auth_group_id_seq; Type: SEQUENCE; Schema: public; Owner: admin
--

ALTER TABLE public.auth_group ALTER COLUMN id ADD GENERATED BY DEFAULT AS IDENTITY (
    SEQUENCE NAME public.auth_group_id_seq
    START WITH 1
    INCREMENT BY 1
    NO MINVALUE
    NO MAXVALUE
    CACHE 1
);


--
-- Name: auth_group_permissions; Type: TABLE; Schema: public; Owner: admin
--

CREATE TABLE public.auth_group_permissions (
    id bigint NOT NULL,
    group_id integer NOT NULL,
    permission_id integer NOT NULL
);


ALTER TABLE public.auth_group_permissions OWNER TO admin;

--
-- Name: auth_group_permissions_id_seq; Type: SEQUENCE; Schema: public; Owner: admin
--

ALTER TABLE public.auth_group_permissions ALTER COLUMN id ADD GENERATED BY DEFAULT AS IDENTITY (
    SEQUENCE NAME public.auth_group_permissions_id_seq
    START WITH 1
    INCREMENT BY 1
    NO MINVALUE
    NO MAXVALUE
    CACHE 1
);


--
-- Name: auth_permission; Type: TABLE; Schema: public; Owner: admin
--

CREATE TABLE public.auth_permission (
    id integer NOT NULL,
    name character varying(255) NOT NULL,
    content_type_id integer NOT NULL,
    codename character varying(100) NOT NULL
);


ALTER TABLE public.auth_permission OWNER TO admin;

--
-- Name: auth_permission_id_seq; Type: SEQUENCE; Schema: public; Owner: admin
--

ALTER TABLE public.auth_permission ALTER COLUMN id ADD GENERATED BY DEFAULT AS IDENTITY (
    SEQUENCE NAME public.auth_permission_id_seq
    START WITH 1
    INCREMENT BY 1
    NO MINVALUE
    NO MAXVALUE
    CACHE 1
);


--
-- Name: auth_user; Type: TABLE; Schema: public; Owner: admin
--

CREATE TABLE public.auth_user (
    id integer NOT NULL,
    password character varying(128) NOT NULL,
    last_login timestamp with time zone,
    is_superuser boolean NOT NULL,
    username character varying(150) NOT NULL,
    first_name character varying(150) NOT NULL,
    last_name character varying(150) NOT NULL,
    email character varying(254) NOT NULL,
    is_staff boolean NOT NULL,
    is_active boolean NOT NULL,
    date_joined timestamp with time zone NOT NULL
);


ALTER TABLE public.auth_user OWNER TO admin;

--
-- Name: auth_user_groups; Type: TABLE; Schema: public; Owner: admin
--

CREATE TABLE public.auth_user_groups (
    id bigint NOT NULL,
    user_id integer NOT NULL,
    group_id integer NOT NULL
);


ALTER TABLE public.auth_user_groups OWNER TO admin;

--
-- Name: auth_user_groups_id_seq; Type: SEQUENCE; Schema: public; Owner: admin
--

ALTER TABLE public.auth_user_groups ALTER COLUMN id ADD GENERATED BY DEFAULT AS IDENTITY (
    SEQUENCE NAME public.auth_user_groups_id_seq
    START WITH 1
    INCREMENT BY 1
    NO MINVALUE
    NO MAXVALUE
    CACHE 1
);


--
-- Name: auth_user_id_seq; Type: SEQUENCE; Schema: public; Owner: admin
--

ALTER TABLE public.auth_user ALTER COLUMN id ADD GENERATED BY DEFAULT AS IDENTITY (
    SEQUENCE NAME public.auth_user_id_seq
    START WITH 1
    INCREMENT BY 1
    NO MINVALUE
    NO MAXVALUE
    CACHE 1
);


--
-- Name: auth_user_user_permissions; Type: TABLE; Schema: public; Owner: admin
--

CREATE TABLE public.auth_user_user_permissions (
    id bigint NOT NULL,
    user_id integer NOT NULL,
    permission_id integer NOT NULL
);


ALTER TABLE public.auth_user_user_permissions OWNER TO admin;

--
-- Name: auth_user_user_permissions_id_seq; Type: SEQUENCE; Schema: public; Owner: admin
--

ALTER TABLE public.auth_user_user_permissions ALTER COLUMN id ADD GENERATED BY DEFAULT AS IDENTITY (
    SEQUENCE NAME public.auth_user_user_permissions_id_seq
    START WITH 1
    INCREMENT BY 1
    NO MINVALUE
    NO MAXVALUE
    CACHE 1
);


--
-- Name: desktop_app_employer; Type: TABLE; Schema: public; Owner: admin
--

CREATE TABLE public.desktop_app_employer (
    id bigint NOT NULL,
    login character varying(150) NOT NULL,
    password character varying(128) NOT NULL,
    is_active boolean NOT NULL,
    is_staff boolean NOT NULL,
    is_superuser boolean NOT NULL,
    last_login timestamp with time zone,
    company_name character varying(150) NOT NULL,
    description text NOT NULL
);


ALTER TABLE public.desktop_app_employer OWNER TO admin;

--
-- Name: desktop_app_employer_groups; Type: TABLE; Schema: public; Owner: admin
--

CREATE TABLE public.desktop_app_employer_groups (
    id bigint NOT NULL,
    employer_id bigint NOT NULL,
    group_id integer NOT NULL
);


ALTER TABLE public.desktop_app_employer_groups OWNER TO admin;

--
-- Name: desktop_app_employer_groups_id_seq; Type: SEQUENCE; Schema: public; Owner: admin
--

ALTER TABLE public.desktop_app_employer_groups ALTER COLUMN id ADD GENERATED BY DEFAULT AS IDENTITY (
    SEQUENCE NAME public.desktop_app_employer_groups_id_seq
    START WITH 1
    INCREMENT BY 1
    NO MINVALUE
    NO MAXVALUE
    CACHE 1
);


--
-- Name: desktop_app_employer_id_seq; Type: SEQUENCE; Schema: public; Owner: admin
--

ALTER TABLE public.desktop_app_employer ALTER COLUMN id ADD GENERATED BY DEFAULT AS IDENTITY (
    SEQUENCE NAME public.desktop_app_employer_id_seq
    START WITH 1
    INCREMENT BY 1
    NO MINVALUE
    NO MAXVALUE
    CACHE 1
);


--
-- Name: desktop_app_employer_user_permissions; Type: TABLE; Schema: public; Owner: admin
--

CREATE TABLE public.desktop_app_employer_user_permissions (
    id bigint NOT NULL,
    employer_id bigint NOT NULL,
    permission_id integer NOT NULL
);


ALTER TABLE public.desktop_app_employer_user_permissions OWNER TO admin;

--
-- Name: desktop_app_employer_user_permissions_id_seq; Type: SEQUENCE; Schema: public; Owner: admin
--

ALTER TABLE public.desktop_app_employer_user_permissions ALTER COLUMN id ADD GENERATED BY DEFAULT AS IDENTITY (
    SEQUENCE NAME public.desktop_app_employer_user_permissions_id_seq
    START WITH 1
    INCREMENT BY 1
    NO MINVALUE
    NO MAXVALUE
    CACHE 1
);


--
-- Name: django_admin_log; Type: TABLE; Schema: public; Owner: admin
--

CREATE TABLE public.django_admin_log (
    id integer NOT NULL,
    action_time timestamp with time zone NOT NULL,
    object_id text,
    object_repr character varying(200) NOT NULL,
    action_flag smallint NOT NULL,
    change_message text NOT NULL,
    content_type_id integer,
    user_id integer NOT NULL,
    CONSTRAINT django_admin_log_action_flag_check CHECK ((action_flag >= 0))
);


ALTER TABLE public.django_admin_log OWNER TO admin;

--
-- Name: django_admin_log_id_seq; Type: SEQUENCE; Schema: public; Owner: admin
--

ALTER TABLE public.django_admin_log ALTER COLUMN id ADD GENERATED BY DEFAULT AS IDENTITY (
    SEQUENCE NAME public.django_admin_log_id_seq
    START WITH 1
    INCREMENT BY 1
    NO MINVALUE
    NO MAXVALUE
    CACHE 1
);


--
-- Name: django_content_type; Type: TABLE; Schema: public; Owner: admin
--

CREATE TABLE public.django_content_type (
    id integer NOT NULL,
    app_label character varying(100) NOT NULL,
    model character varying(100) NOT NULL
);


ALTER TABLE public.django_content_type OWNER TO admin;

--
-- Name: django_content_type_id_seq; Type: SEQUENCE; Schema: public; Owner: admin
--

ALTER TABLE public.django_content_type ALTER COLUMN id ADD GENERATED BY DEFAULT AS IDENTITY (
    SEQUENCE NAME public.django_content_type_id_seq
    START WITH 1
    INCREMENT BY 1
    NO MINVALUE
    NO MAXVALUE
    CACHE 1
);


--
-- Name: django_migrations; Type: TABLE; Schema: public; Owner: admin
--

CREATE TABLE public.django_migrations (
    id bigint NOT NULL,
    app character varying(255) NOT NULL,
    name character varying(255) NOT NULL,
    applied timestamp with time zone NOT NULL
);


ALTER TABLE public.django_migrations OWNER TO admin;

--
-- Name: django_migrations_id_seq; Type: SEQUENCE; Schema: public; Owner: admin
--

ALTER TABLE public.django_migrations ALTER COLUMN id ADD GENERATED BY DEFAULT AS IDENTITY (
    SEQUENCE NAME public.django_migrations_id_seq
    START WITH 1
    INCREMENT BY 1
    NO MINVALUE
    NO MAXVALUE
    CACHE 1
);


--
-- Name: django_session; Type: TABLE; Schema: public; Owner: admin
--

CREATE TABLE public.django_session (
    session_key character varying(40) NOT NULL,
    session_data text NOT NULL,
    expire_date timestamp with time zone NOT NULL
);


ALTER TABLE public.django_session OWNER TO admin;

--
-- Name: employees_employee; Type: TABLE; Schema: public; Owner: admin
--

CREATE TABLE public.employees_employee (
    id bigint NOT NULL,
    first_name character varying(50) NOT NULL,
    last_name character varying(50) NOT NULL,
    phone_number character varying(20) NOT NULL,
    employer_id bigint NOT NULL
);


ALTER TABLE public.employees_employee OWNER TO admin;

--
-- Name: employees_employee_id_seq; Type: SEQUENCE; Schema: public; Owner: admin
--

ALTER TABLE public.employees_employee ALTER COLUMN id ADD GENERATED BY DEFAULT AS IDENTITY (
    SEQUENCE NAME public.employees_employee_id_seq
    START WITH 1
    INCREMENT BY 1
    NO MINVALUE
    NO MAXVALUE
    CACHE 1
);


--
-- Name: orders_order; Type: TABLE; Schema: public; Owner: admin
--

CREATE TABLE public.orders_order (
    id bigint NOT NULL,
    price integer NOT NULL,
    date date NOT NULL,
    "time" time without time zone NOT NULL,
    address character varying(100) NOT NULL,
    square_meters integer NOT NULL,
    phone_number character varying(20) NOT NULL,
    employer_id bigint NOT NULL,
    sub_service_id bigint NOT NULL
);


ALTER TABLE public.orders_order OWNER TO admin;

--
-- Name: orders_order_id_seq; Type: SEQUENCE; Schema: public; Owner: admin
--

ALTER TABLE public.orders_order ALTER COLUMN id ADD GENERATED BY DEFAULT AS IDENTITY (
    SEQUENCE NAME public.orders_order_id_seq
    START WITH 1
    INCREMENT BY 1
    NO MINVALUE
    NO MAXVALUE
    CACHE 1
);


--
-- Name: services_service; Type: TABLE; Schema: public; Owner: admin
--

CREATE TABLE public.services_service (
    id bigint NOT NULL,
    employer_id bigint NOT NULL,
    service_name character varying(100) NOT NULL
);


ALTER TABLE public.services_service OWNER TO admin;

--
-- Name: services_service_id_seq; Type: SEQUENCE; Schema: public; Owner: admin
--

ALTER TABLE public.services_service ALTER COLUMN id ADD GENERATED BY DEFAULT AS IDENTITY (
    SEQUENCE NAME public.services_service_id_seq
    START WITH 1
    INCREMENT BY 1
    NO MINVALUE
    NO MAXVALUE
    CACHE 1
);


--
-- Name: services_subservice; Type: TABLE; Schema: public; Owner: admin
--

CREATE TABLE public.services_subservice (
    id bigint NOT NULL,
    sub_service_name character varying(100) NOT NULL,
    price integer NOT NULL,
    description text NOT NULL,
    service_id bigint NOT NULL
);


ALTER TABLE public.services_subservice OWNER TO admin;

--
-- Name: services_subservice_id_seq; Type: SEQUENCE; Schema: public; Owner: admin
--

ALTER TABLE public.services_subservice ALTER COLUMN id ADD GENERATED BY DEFAULT AS IDENTITY (
    SEQUENCE NAME public.services_subservice_id_seq
    START WITH 1
    INCREMENT BY 1
    NO MINVALUE
    NO MAXVALUE
    CACHE 1
);


--
-- Name: token_blacklist_blacklistedtoken; Type: TABLE; Schema: public; Owner: admin
--

CREATE TABLE public.token_blacklist_blacklistedtoken (
    id bigint NOT NULL,
    blacklisted_at timestamp with time zone NOT NULL,
    token_id bigint NOT NULL
);


ALTER TABLE public.token_blacklist_blacklistedtoken OWNER TO admin;

--
-- Name: token_blacklist_blacklistedtoken_id_seq; Type: SEQUENCE; Schema: public; Owner: admin
--

ALTER TABLE public.token_blacklist_blacklistedtoken ALTER COLUMN id ADD GENERATED BY DEFAULT AS IDENTITY (
    SEQUENCE NAME public.token_blacklist_blacklistedtoken_id_seq
    START WITH 1
    INCREMENT BY 1
    NO MINVALUE
    NO MAXVALUE
    CACHE 1
);


--
-- Name: token_blacklist_outstandingtoken; Type: TABLE; Schema: public; Owner: admin
--

CREATE TABLE public.token_blacklist_outstandingtoken (
    id bigint NOT NULL,
    token text NOT NULL,
    created_at timestamp with time zone,
    expires_at timestamp with time zone NOT NULL,
    user_id bigint,
    jti character varying(255) NOT NULL
);


ALTER TABLE public.token_blacklist_outstandingtoken OWNER TO admin;

--
-- Name: token_blacklist_outstandingtoken_id_seq; Type: SEQUENCE; Schema: public; Owner: admin
--

ALTER TABLE public.token_blacklist_outstandingtoken ALTER COLUMN id ADD GENERATED BY DEFAULT AS IDENTITY (
    SEQUENCE NAME public.token_blacklist_outstandingtoken_id_seq
    START WITH 1
    INCREMENT BY 1
    NO MINVALUE
    NO MAXVALUE
    CACHE 1
);


--
-- Data for Name: auth_group; Type: TABLE DATA; Schema: public; Owner: admin
--

COPY public.auth_group (id, name) FROM stdin;
\.


--
-- Data for Name: auth_group_permissions; Type: TABLE DATA; Schema: public; Owner: admin
--

COPY public.auth_group_permissions (id, group_id, permission_id) FROM stdin;
\.


--
-- Data for Name: auth_permission; Type: TABLE DATA; Schema: public; Owner: admin
--

COPY public.auth_permission (id, name, content_type_id, codename) FROM stdin;
1	Can add log entry	1	add_logentry
2	Can change log entry	1	change_logentry
3	Can delete log entry	1	delete_logentry
4	Can view log entry	1	view_logentry
5	Can add permission	2	add_permission
6	Can change permission	2	change_permission
7	Can delete permission	2	delete_permission
8	Can view permission	2	view_permission
9	Can add group	3	add_group
10	Can change group	3	change_group
11	Can delete group	3	delete_group
12	Can view group	3	view_group
13	Can add user	4	add_user
14	Can change user	4	change_user
15	Can delete user	4	delete_user
16	Can view user	4	view_user
17	Can add content type	5	add_contenttype
18	Can change content type	5	change_contenttype
19	Can delete content type	5	delete_contenttype
20	Can view content type	5	view_contenttype
21	Can add session	6	add_session
22	Can change session	6	change_session
23	Can delete session	6	delete_session
24	Can view session	6	view_session
25	Can add customer	7	add_customer
26	Can change customer	7	change_customer
27	Can delete customer	7	delete_customer
28	Can view customer	7	view_customer
29	Can add service	8	add_service
30	Can change service	8	change_service
31	Can delete service	8	delete_service
32	Can view service	8	view_service
33	Can add employer	9	add_employer
34	Can change employer	9	change_employer
35	Can delete employer	9	delete_employer
36	Can view employer	9	view_employer
37	Can add blacklisted token	10	add_blacklistedtoken
38	Can change blacklisted token	10	change_blacklistedtoken
39	Can delete blacklisted token	10	delete_blacklistedtoken
40	Can view blacklisted token	10	view_blacklistedtoken
41	Can add outstanding token	11	add_outstandingtoken
42	Can change outstanding token	11	change_outstandingtoken
43	Can delete outstanding token	11	delete_outstandingtoken
44	Can view outstanding token	11	view_outstandingtoken
45	Can add employee	12	add_employee
46	Can change employee	12	change_employee
47	Can delete employee	12	delete_employee
48	Can view employee	12	view_employee
49	Can add service	13	add_service
50	Can change service	13	change_service
51	Can delete service	13	delete_service
52	Can view service	13	view_service
53	Can add employee	14	add_employee
54	Can change employee	14	change_employee
55	Can delete employee	14	delete_employee
56	Can view employee	14	view_employee
57	Can add order	15	add_order
58	Can change order	15	change_order
59	Can delete order	15	delete_order
60	Can view order	15	view_order
61	Can add sub service	16	add_subservice
62	Can change sub service	16	change_subservice
63	Can delete sub service	16	delete_subservice
64	Can view sub service	16	view_subservice
\.


--
-- Data for Name: auth_user; Type: TABLE DATA; Schema: public; Owner: admin
--

COPY public.auth_user (id, password, last_login, is_superuser, username, first_name, last_name, email, is_staff, is_active, date_joined) FROM stdin;
1	pbkdf2_sha256$720000$PAmawnIBBKCY6AsLcQydv7$LOdukBFq+5JgHY+4YEtUqN9tT/rXHqdpL2LTBZQZecE=	2024-01-25 13:07:59.088753+06	t	admin			mkrg_kz@mail.ru	t	t	2024-01-25 13:07:41.561917+06
\.


--
-- Data for Name: auth_user_groups; Type: TABLE DATA; Schema: public; Owner: admin
--

COPY public.auth_user_groups (id, user_id, group_id) FROM stdin;
\.


--
-- Data for Name: auth_user_user_permissions; Type: TABLE DATA; Schema: public; Owner: admin
--

COPY public.auth_user_user_permissions (id, user_id, permission_id) FROM stdin;
\.


--
-- Data for Name: desktop_app_employer; Type: TABLE DATA; Schema: public; Owner: admin
--

COPY public.desktop_app_employer (id, login, password, is_active, is_staff, is_superuser, last_login, company_name, description) FROM stdin;
1	admin	pbkdf2_sha256$600000$zaDs3caM7uK4V0UzAHR25L$eHKqzUcrecTJSMwtoqZF49kNQ1efT/7U/8MPkW9XH4s=	t	f	f	\N	Karaganda	Дезинфекция
\.


--
-- Data for Name: desktop_app_employer_groups; Type: TABLE DATA; Schema: public; Owner: admin
--

COPY public.desktop_app_employer_groups (id, employer_id, group_id) FROM stdin;
\.


--
-- Data for Name: desktop_app_employer_user_permissions; Type: TABLE DATA; Schema: public; Owner: admin
--

COPY public.desktop_app_employer_user_permissions (id, employer_id, permission_id) FROM stdin;
\.


--
-- Data for Name: django_admin_log; Type: TABLE DATA; Schema: public; Owner: admin
--

COPY public.django_admin_log (id, action_time, object_id, object_repr, action_flag, change_message, content_type_id, user_id) FROM stdin;
1	2024-01-28 17:15:55.325794+06	1	Employer object (1)	2	[{"changed": {"fields": ["Login"]}}]	9	1
2	2024-01-28 17:19:19.337403+06	2	Employer object (2)	1	[{"added": {}}]	9	1
\.


--
-- Data for Name: django_content_type; Type: TABLE DATA; Schema: public; Owner: admin
--

COPY public.django_content_type (id, app_label, model) FROM stdin;
1	admin	logentry
2	auth	permission
3	auth	group
4	auth	user
5	contenttypes	contenttype
6	sessions	session
7	customers	customer
8	desktop_app	service
9	desktop_app	employer
10	token_blacklist	blacklistedtoken
11	token_blacklist	outstandingtoken
12	desktop_app	employee
13	services	service
14	employees	employee
15	orders	order
16	services	subservice
\.


--
-- Data for Name: django_migrations; Type: TABLE DATA; Schema: public; Owner: admin
--

COPY public.django_migrations (id, app, name, applied) FROM stdin;
1	contenttypes	0001_initial	2023-12-11 20:18:36.327196+06
2	auth	0001_initial	2023-12-11 20:18:36.381869+06
3	admin	0001_initial	2023-12-11 20:18:36.397548+06
4	admin	0002_logentry_remove_auto_add	2023-12-11 20:18:36.403293+06
5	admin	0003_logentry_add_action_flag_choices	2023-12-11 20:18:36.408348+06
6	contenttypes	0002_remove_content_type_name	2023-12-11 20:18:36.420898+06
7	auth	0002_alter_permission_name_max_length	2023-12-11 20:18:36.426839+06
8	auth	0003_alter_user_email_max_length	2023-12-11 20:18:36.432733+06
9	auth	0004_alter_user_username_opts	2023-12-11 20:18:36.437964+06
10	auth	0005_alter_user_last_login_null	2023-12-11 20:18:36.444148+06
11	auth	0006_require_contenttypes_0002	2023-12-11 20:18:36.446278+06
12	auth	0007_alter_validators_add_error_messages	2023-12-11 20:18:36.452741+06
13	auth	0008_alter_user_username_max_length	2023-12-11 20:18:36.461364+06
14	auth	0009_alter_user_last_name_max_length	2023-12-11 20:18:36.46709+06
15	auth	0010_alter_group_name_max_length	2023-12-11 20:18:36.474062+06
16	auth	0011_update_proxy_permissions	2023-12-11 20:18:36.481257+06
17	auth	0012_alter_user_first_name_max_length	2023-12-11 20:18:36.487275+06
18	sessions	0001_initial	2023-12-11 20:18:36.499356+06
19	customers	0001_initial	2023-12-11 20:59:23.500179+06
20	desktop_app	0001_initial	2024-01-22 18:59:26.13972+06
21	desktop_app	0002_employer_groups_employer_is_active_employer_is_staff_and_more	2024-01-28 18:58:25.043052+06
22	desktop_app	0003_alter_employer_login	2024-01-28 20:01:21.972923+06
23	token_blacklist	0001_initial	2024-01-28 20:01:22.021177+06
24	token_blacklist	0002_outstandingtoken_jti_hex	2024-01-28 20:01:22.033917+06
25	token_blacklist	0003_auto_20171017_2007	2024-01-28 20:01:22.0464+06
26	token_blacklist	0004_auto_20171017_2013	2024-01-28 20:01:22.058277+06
27	token_blacklist	0005_remove_outstandingtoken_jti	2024-01-28 20:01:22.064689+06
28	token_blacklist	0006_auto_20171017_2113	2024-01-28 20:01:22.070932+06
29	token_blacklist	0007_auto_20171017_2214	2024-01-28 20:01:22.086714+06
30	token_blacklist	0008_migrate_to_bigautofield	2024-01-28 20:01:22.131173+06
31	token_blacklist	0010_fix_migrate_to_bigautofield	2024-01-28 20:01:22.1669+06
32	token_blacklist	0011_linearizes_history	2024-01-28 20:01:22.170332+06
33	token_blacklist	0012_alter_outstandingtoken_user	2024-01-28 20:01:22.186239+06
34	desktop_app	0004_remove_employer_company_name_and_more	2024-01-31 17:25:31.792186+06
35	desktop_app	0005_employer_company_name_employer_description	2024-01-31 19:56:00.71179+06
36	desktop_app	0006_service	2024-02-09 16:46:04.408452+06
37	desktop_app	0007_rename_employer_id_service_employer	2024-02-12 16:37:49.523524+06
38	desktop_app	0008_employee	2024-02-12 20:06:11.109656+06
39	desktop_app	0009_rename_company_employee_employer	2024-02-13 16:36:41.565111+06
40	desktop_app	0009_delete_service	2024-02-15 13:08:21.593206+06
41	services	0001_initial	2024-02-15 13:08:21.615498+06
42	desktop_app	0010_delete_employee	2024-02-15 13:22:31.676076+06
43	employees	0001_initial	2024-02-15 13:22:31.694518+06
44	employees	0002_rename_company_employee_employer	2024-02-15 13:27:51.430552+06
46	orders	0001_initial	2024-02-19 14:00:48.304913+06
47	orders	0002_alter_order_sub_service	2024-02-19 14:33:00.204104+06
48	services	0002_remove_service_description_remove_service_price_and_more	2024-02-19 15:36:16.584191+06
49	orders	0003_remove_order_service_alter_order_employer_and_more	2024-02-19 16:01:18.865552+06
50	services	0003_remove_subservice_employer	2024-02-19 17:07:54.85156+06
51	services	0004_rename_name_service_service_name_and_more	2024-02-19 19:25:59.637694+06
\.


--
-- Data for Name: django_session; Type: TABLE DATA; Schema: public; Owner: admin
--

COPY public.django_session (session_key, session_data, expire_date) FROM stdin;
o0zys4ydr8sq2rzsqestp42bp3kh4csi	.eJxVjDEOAiEQRe9CbQgMIGhp7xnIwAyyaiBZdivj3XWTLbT9773_EhHXpcZ18BwnEmdhxeF3S5gf3DZAd2y3LnNvyzwluSlyp0NeO_Hzsrt_BxVH_dYYSCvwHLTxYEGFUhIVDSUgBcg-kEuWrVfW52yccwBIipGtOWY8KfH-ANuCN8k:1rUMJl:Q4pE_O17V5XHITUIzhkWlwaLTx6YVhrwzB3xuszxnU4	2024-02-12 13:44:33.668887+06
\.


--
-- Data for Name: employees_employee; Type: TABLE DATA; Schema: public; Owner: admin
--

COPY public.employees_employee (id, first_name, last_name, phone_number, employer_id) FROM stdin;
1	диего	до	8700111222333	1
2	qwe	qwe	123	1
\.


--
-- Data for Name: orders_order; Type: TABLE DATA; Schema: public; Owner: admin
--

COPY public.orders_order (id, price, date, "time", address, square_meters, phone_number, employer_id, sub_service_id) FROM stdin;
2	100	2024-02-19	14:22:00	Нуркен-Абдирова	50	87001112233	1	1
4	500	2024-02-20	14:00:00	Проспект Мира, 10	120	87001234567	1	1
5	500	2024-02-20	16:00:00	Проспект Мира, 10	110	87007776655	1	1
6	500	2024-02-20	14:00:00	123 Main St, Anytown, AN	100	123-456-7890	1	1
7	2000	2024-02-19	19:31:00	Бухар-Жырау	40	87006664455	1	1
8	1000	2024-02-19	19:40:00	Ержанова	90	0000000000	1	1
9	2000	2024-02-19	23:19:00	Ержанова 40	80	87001112233	1	5
10	500	2024-02-19	23:26:00	Ермекова 22	22	87016669933	1	7
11	100	2024-02-19	23:28:00	Нуркен-Абдирова	30	87004445533	1	7
\.


--
-- Data for Name: services_service; Type: TABLE DATA; Schema: public; Owner: admin
--

COPY public.services_service (id, employer_id, service_name) FROM stdin;
1	1	Default Service Name
2	1	Клининг
3	1	Клининг
4	1	Химчистка
5	1	Уборка
\.


--
-- Data for Name: services_subservice; Type: TABLE DATA; Schema: public; Owner: admin
--

COPY public.services_subservice (id, sub_service_name, price, description, service_id) FROM stdin;
1	Услуга	1000	Описание	1
3	Дорогой клининг	5000	Дорого	3
4	Дешевый клининг	2000	Дешево	3
5	Услуга 1	10000	Ковры	4
6	Услуга 2	5000	Ковры	4
7	Диван	1000	Описание	5
\.


--
-- Data for Name: token_blacklist_blacklistedtoken; Type: TABLE DATA; Schema: public; Owner: admin
--

COPY public.token_blacklist_blacklistedtoken (id, blacklisted_at, token_id) FROM stdin;
\.


--
-- Data for Name: token_blacklist_outstandingtoken; Type: TABLE DATA; Schema: public; Owner: admin
--

COPY public.token_blacklist_outstandingtoken (id, token, created_at, expires_at, user_id, jti) FROM stdin;
\.


--
-- Name: auth_group_id_seq; Type: SEQUENCE SET; Schema: public; Owner: admin
--

SELECT pg_catalog.setval('public.auth_group_id_seq', 1, false);


--
-- Name: auth_group_permissions_id_seq; Type: SEQUENCE SET; Schema: public; Owner: admin
--

SELECT pg_catalog.setval('public.auth_group_permissions_id_seq', 1, false);


--
-- Name: auth_permission_id_seq; Type: SEQUENCE SET; Schema: public; Owner: admin
--

SELECT pg_catalog.setval('public.auth_permission_id_seq', 64, true);


--
-- Name: auth_user_groups_id_seq; Type: SEQUENCE SET; Schema: public; Owner: admin
--

SELECT pg_catalog.setval('public.auth_user_groups_id_seq', 1, false);


--
-- Name: auth_user_id_seq; Type: SEQUENCE SET; Schema: public; Owner: admin
--

SELECT pg_catalog.setval('public.auth_user_id_seq', 1, true);


--
-- Name: auth_user_user_permissions_id_seq; Type: SEQUENCE SET; Schema: public; Owner: admin
--

SELECT pg_catalog.setval('public.auth_user_user_permissions_id_seq', 1, false);


--
-- Name: desktop_app_employer_groups_id_seq; Type: SEQUENCE SET; Schema: public; Owner: admin
--

SELECT pg_catalog.setval('public.desktop_app_employer_groups_id_seq', 1, false);


--
-- Name: desktop_app_employer_id_seq; Type: SEQUENCE SET; Schema: public; Owner: admin
--

SELECT pg_catalog.setval('public.desktop_app_employer_id_seq', 8, true);


--
-- Name: desktop_app_employer_user_permissions_id_seq; Type: SEQUENCE SET; Schema: public; Owner: admin
--

SELECT pg_catalog.setval('public.desktop_app_employer_user_permissions_id_seq', 1, false);


--
-- Name: django_admin_log_id_seq; Type: SEQUENCE SET; Schema: public; Owner: admin
--

SELECT pg_catalog.setval('public.django_admin_log_id_seq', 4, true);


--
-- Name: django_content_type_id_seq; Type: SEQUENCE SET; Schema: public; Owner: admin
--

SELECT pg_catalog.setval('public.django_content_type_id_seq', 16, true);


--
-- Name: django_migrations_id_seq; Type: SEQUENCE SET; Schema: public; Owner: admin
--

SELECT pg_catalog.setval('public.django_migrations_id_seq', 51, true);


--
-- Name: employees_employee_id_seq; Type: SEQUENCE SET; Schema: public; Owner: admin
--

SELECT pg_catalog.setval('public.employees_employee_id_seq', 2, true);


--
-- Name: orders_order_id_seq; Type: SEQUENCE SET; Schema: public; Owner: admin
--

SELECT pg_catalog.setval('public.orders_order_id_seq', 11, true);


--
-- Name: services_service_id_seq; Type: SEQUENCE SET; Schema: public; Owner: admin
--

SELECT pg_catalog.setval('public.services_service_id_seq', 5, true);


--
-- Name: services_subservice_id_seq; Type: SEQUENCE SET; Schema: public; Owner: admin
--

SELECT pg_catalog.setval('public.services_subservice_id_seq', 7, true);


--
-- Name: token_blacklist_blacklistedtoken_id_seq; Type: SEQUENCE SET; Schema: public; Owner: admin
--

SELECT pg_catalog.setval('public.token_blacklist_blacklistedtoken_id_seq', 1, false);


--
-- Name: token_blacklist_outstandingtoken_id_seq; Type: SEQUENCE SET; Schema: public; Owner: admin
--

SELECT pg_catalog.setval('public.token_blacklist_outstandingtoken_id_seq', 1, true);


--
-- Name: auth_group auth_group_name_key; Type: CONSTRAINT; Schema: public; Owner: admin
--

ALTER TABLE ONLY public.auth_group
    ADD CONSTRAINT auth_group_name_key UNIQUE (name);


--
-- Name: auth_group_permissions auth_group_permissions_group_id_permission_id_0cd325b0_uniq; Type: CONSTRAINT; Schema: public; Owner: admin
--

ALTER TABLE ONLY public.auth_group_permissions
    ADD CONSTRAINT auth_group_permissions_group_id_permission_id_0cd325b0_uniq UNIQUE (group_id, permission_id);


--
-- Name: auth_group_permissions auth_group_permissions_pkey; Type: CONSTRAINT; Schema: public; Owner: admin
--

ALTER TABLE ONLY public.auth_group_permissions
    ADD CONSTRAINT auth_group_permissions_pkey PRIMARY KEY (id);


--
-- Name: auth_group auth_group_pkey; Type: CONSTRAINT; Schema: public; Owner: admin
--

ALTER TABLE ONLY public.auth_group
    ADD CONSTRAINT auth_group_pkey PRIMARY KEY (id);


--
-- Name: auth_permission auth_permission_content_type_id_codename_01ab375a_uniq; Type: CONSTRAINT; Schema: public; Owner: admin
--

ALTER TABLE ONLY public.auth_permission
    ADD CONSTRAINT auth_permission_content_type_id_codename_01ab375a_uniq UNIQUE (content_type_id, codename);


--
-- Name: auth_permission auth_permission_pkey; Type: CONSTRAINT; Schema: public; Owner: admin
--

ALTER TABLE ONLY public.auth_permission
    ADD CONSTRAINT auth_permission_pkey PRIMARY KEY (id);


--
-- Name: auth_user_groups auth_user_groups_pkey; Type: CONSTRAINT; Schema: public; Owner: admin
--

ALTER TABLE ONLY public.auth_user_groups
    ADD CONSTRAINT auth_user_groups_pkey PRIMARY KEY (id);


--
-- Name: auth_user_groups auth_user_groups_user_id_group_id_94350c0c_uniq; Type: CONSTRAINT; Schema: public; Owner: admin
--

ALTER TABLE ONLY public.auth_user_groups
    ADD CONSTRAINT auth_user_groups_user_id_group_id_94350c0c_uniq UNIQUE (user_id, group_id);


--
-- Name: auth_user auth_user_pkey; Type: CONSTRAINT; Schema: public; Owner: admin
--

ALTER TABLE ONLY public.auth_user
    ADD CONSTRAINT auth_user_pkey PRIMARY KEY (id);


--
-- Name: auth_user_user_permissions auth_user_user_permissions_pkey; Type: CONSTRAINT; Schema: public; Owner: admin
--

ALTER TABLE ONLY public.auth_user_user_permissions
    ADD CONSTRAINT auth_user_user_permissions_pkey PRIMARY KEY (id);


--
-- Name: auth_user_user_permissions auth_user_user_permissions_user_id_permission_id_14a6b632_uniq; Type: CONSTRAINT; Schema: public; Owner: admin
--

ALTER TABLE ONLY public.auth_user_user_permissions
    ADD CONSTRAINT auth_user_user_permissions_user_id_permission_id_14a6b632_uniq UNIQUE (user_id, permission_id);


--
-- Name: auth_user auth_user_username_key; Type: CONSTRAINT; Schema: public; Owner: admin
--

ALTER TABLE ONLY public.auth_user
    ADD CONSTRAINT auth_user_username_key UNIQUE (username);


--
-- Name: desktop_app_employer_groups desktop_app_employer_groups_employer_id_group_id_221de39d_uniq; Type: CONSTRAINT; Schema: public; Owner: admin
--

ALTER TABLE ONLY public.desktop_app_employer_groups
    ADD CONSTRAINT desktop_app_employer_groups_employer_id_group_id_221de39d_uniq UNIQUE (employer_id, group_id);


--
-- Name: desktop_app_employer_groups desktop_app_employer_groups_pkey; Type: CONSTRAINT; Schema: public; Owner: admin
--

ALTER TABLE ONLY public.desktop_app_employer_groups
    ADD CONSTRAINT desktop_app_employer_groups_pkey PRIMARY KEY (id);


--
-- Name: desktop_app_employer desktop_app_employer_login_e8d8205f_uniq; Type: CONSTRAINT; Schema: public; Owner: admin
--

ALTER TABLE ONLY public.desktop_app_employer
    ADD CONSTRAINT desktop_app_employer_login_e8d8205f_uniq UNIQUE (login);


--
-- Name: desktop_app_employer desktop_app_employer_pkey; Type: CONSTRAINT; Schema: public; Owner: admin
--

ALTER TABLE ONLY public.desktop_app_employer
    ADD CONSTRAINT desktop_app_employer_pkey PRIMARY KEY (id);


--
-- Name: desktop_app_employer_user_permissions desktop_app_employer_use_employer_id_permission_i_e39a4ea5_uniq; Type: CONSTRAINT; Schema: public; Owner: admin
--

ALTER TABLE ONLY public.desktop_app_employer_user_permissions
    ADD CONSTRAINT desktop_app_employer_use_employer_id_permission_i_e39a4ea5_uniq UNIQUE (employer_id, permission_id);


--
-- Name: desktop_app_employer_user_permissions desktop_app_employer_user_permissions_pkey; Type: CONSTRAINT; Schema: public; Owner: admin
--

ALTER TABLE ONLY public.desktop_app_employer_user_permissions
    ADD CONSTRAINT desktop_app_employer_user_permissions_pkey PRIMARY KEY (id);


--
-- Name: django_admin_log django_admin_log_pkey; Type: CONSTRAINT; Schema: public; Owner: admin
--

ALTER TABLE ONLY public.django_admin_log
    ADD CONSTRAINT django_admin_log_pkey PRIMARY KEY (id);


--
-- Name: django_content_type django_content_type_app_label_model_76bd3d3b_uniq; Type: CONSTRAINT; Schema: public; Owner: admin
--

ALTER TABLE ONLY public.django_content_type
    ADD CONSTRAINT django_content_type_app_label_model_76bd3d3b_uniq UNIQUE (app_label, model);


--
-- Name: django_content_type django_content_type_pkey; Type: CONSTRAINT; Schema: public; Owner: admin
--

ALTER TABLE ONLY public.django_content_type
    ADD CONSTRAINT django_content_type_pkey PRIMARY KEY (id);


--
-- Name: django_migrations django_migrations_pkey; Type: CONSTRAINT; Schema: public; Owner: admin
--

ALTER TABLE ONLY public.django_migrations
    ADD CONSTRAINT django_migrations_pkey PRIMARY KEY (id);


--
-- Name: django_session django_session_pkey; Type: CONSTRAINT; Schema: public; Owner: admin
--

ALTER TABLE ONLY public.django_session
    ADD CONSTRAINT django_session_pkey PRIMARY KEY (session_key);


--
-- Name: employees_employee employees_employee_pkey; Type: CONSTRAINT; Schema: public; Owner: admin
--

ALTER TABLE ONLY public.employees_employee
    ADD CONSTRAINT employees_employee_pkey PRIMARY KEY (id);


--
-- Name: orders_order orders_order_pkey; Type: CONSTRAINT; Schema: public; Owner: admin
--

ALTER TABLE ONLY public.orders_order
    ADD CONSTRAINT orders_order_pkey PRIMARY KEY (id);


--
-- Name: services_service services_service_pkey; Type: CONSTRAINT; Schema: public; Owner: admin
--

ALTER TABLE ONLY public.services_service
    ADD CONSTRAINT services_service_pkey PRIMARY KEY (id);


--
-- Name: services_subservice services_subservice_pkey; Type: CONSTRAINT; Schema: public; Owner: admin
--

ALTER TABLE ONLY public.services_subservice
    ADD CONSTRAINT services_subservice_pkey PRIMARY KEY (id);


--
-- Name: token_blacklist_blacklistedtoken token_blacklist_blacklistedtoken_pkey; Type: CONSTRAINT; Schema: public; Owner: admin
--

ALTER TABLE ONLY public.token_blacklist_blacklistedtoken
    ADD CONSTRAINT token_blacklist_blacklistedtoken_pkey PRIMARY KEY (id);


--
-- Name: token_blacklist_blacklistedtoken token_blacklist_blacklistedtoken_token_id_key; Type: CONSTRAINT; Schema: public; Owner: admin
--

ALTER TABLE ONLY public.token_blacklist_blacklistedtoken
    ADD CONSTRAINT token_blacklist_blacklistedtoken_token_id_key UNIQUE (token_id);


--
-- Name: token_blacklist_outstandingtoken token_blacklist_outstandingtoken_jti_hex_d9bdf6f7_uniq; Type: CONSTRAINT; Schema: public; Owner: admin
--

ALTER TABLE ONLY public.token_blacklist_outstandingtoken
    ADD CONSTRAINT token_blacklist_outstandingtoken_jti_hex_d9bdf6f7_uniq UNIQUE (jti);


--
-- Name: token_blacklist_outstandingtoken token_blacklist_outstandingtoken_pkey; Type: CONSTRAINT; Schema: public; Owner: admin
--

ALTER TABLE ONLY public.token_blacklist_outstandingtoken
    ADD CONSTRAINT token_blacklist_outstandingtoken_pkey PRIMARY KEY (id);


--
-- Name: auth_group_name_a6ea08ec_like; Type: INDEX; Schema: public; Owner: admin
--

CREATE INDEX auth_group_name_a6ea08ec_like ON public.auth_group USING btree (name varchar_pattern_ops);


--
-- Name: auth_group_permissions_group_id_b120cbf9; Type: INDEX; Schema: public; Owner: admin
--

CREATE INDEX auth_group_permissions_group_id_b120cbf9 ON public.auth_group_permissions USING btree (group_id);


--
-- Name: auth_group_permissions_permission_id_84c5c92e; Type: INDEX; Schema: public; Owner: admin
--

CREATE INDEX auth_group_permissions_permission_id_84c5c92e ON public.auth_group_permissions USING btree (permission_id);


--
-- Name: auth_permission_content_type_id_2f476e4b; Type: INDEX; Schema: public; Owner: admin
--

CREATE INDEX auth_permission_content_type_id_2f476e4b ON public.auth_permission USING btree (content_type_id);


--
-- Name: auth_user_groups_group_id_97559544; Type: INDEX; Schema: public; Owner: admin
--

CREATE INDEX auth_user_groups_group_id_97559544 ON public.auth_user_groups USING btree (group_id);


--
-- Name: auth_user_groups_user_id_6a12ed8b; Type: INDEX; Schema: public; Owner: admin
--

CREATE INDEX auth_user_groups_user_id_6a12ed8b ON public.auth_user_groups USING btree (user_id);


--
-- Name: auth_user_user_permissions_permission_id_1fbb5f2c; Type: INDEX; Schema: public; Owner: admin
--

CREATE INDEX auth_user_user_permissions_permission_id_1fbb5f2c ON public.auth_user_user_permissions USING btree (permission_id);


--
-- Name: auth_user_user_permissions_user_id_a95ead1b; Type: INDEX; Schema: public; Owner: admin
--

CREATE INDEX auth_user_user_permissions_user_id_a95ead1b ON public.auth_user_user_permissions USING btree (user_id);


--
-- Name: auth_user_username_6821ab7c_like; Type: INDEX; Schema: public; Owner: admin
--

CREATE INDEX auth_user_username_6821ab7c_like ON public.auth_user USING btree (username varchar_pattern_ops);


--
-- Name: desktop_app_employer_groups_employer_id_695360e8; Type: INDEX; Schema: public; Owner: admin
--

CREATE INDEX desktop_app_employer_groups_employer_id_695360e8 ON public.desktop_app_employer_groups USING btree (employer_id);


--
-- Name: desktop_app_employer_groups_group_id_a6b712c3; Type: INDEX; Schema: public; Owner: admin
--

CREATE INDEX desktop_app_employer_groups_group_id_a6b712c3 ON public.desktop_app_employer_groups USING btree (group_id);


--
-- Name: desktop_app_employer_login_e8d8205f_like; Type: INDEX; Schema: public; Owner: admin
--

CREATE INDEX desktop_app_employer_login_e8d8205f_like ON public.desktop_app_employer USING btree (login varchar_pattern_ops);


--
-- Name: desktop_app_employer_user_permissions_employer_id_767c65f6; Type: INDEX; Schema: public; Owner: admin
--

CREATE INDEX desktop_app_employer_user_permissions_employer_id_767c65f6 ON public.desktop_app_employer_user_permissions USING btree (employer_id);


--
-- Name: desktop_app_employer_user_permissions_permission_id_6b8f6611; Type: INDEX; Schema: public; Owner: admin
--

CREATE INDEX desktop_app_employer_user_permissions_permission_id_6b8f6611 ON public.desktop_app_employer_user_permissions USING btree (permission_id);


--
-- Name: django_admin_log_content_type_id_c4bce8eb; Type: INDEX; Schema: public; Owner: admin
--

CREATE INDEX django_admin_log_content_type_id_c4bce8eb ON public.django_admin_log USING btree (content_type_id);


--
-- Name: django_admin_log_user_id_c564eba6; Type: INDEX; Schema: public; Owner: admin
--

CREATE INDEX django_admin_log_user_id_c564eba6 ON public.django_admin_log USING btree (user_id);


--
-- Name: django_session_expire_date_a5c62663; Type: INDEX; Schema: public; Owner: admin
--

CREATE INDEX django_session_expire_date_a5c62663 ON public.django_session USING btree (expire_date);


--
-- Name: django_session_session_key_c0390e0f_like; Type: INDEX; Schema: public; Owner: admin
--

CREATE INDEX django_session_session_key_c0390e0f_like ON public.django_session USING btree (session_key varchar_pattern_ops);


--
-- Name: employees_employee_company_id_afee387f; Type: INDEX; Schema: public; Owner: admin
--

CREATE INDEX employees_employee_company_id_afee387f ON public.employees_employee USING btree (employer_id);


--
-- Name: orders_order_employer_id_39cce249; Type: INDEX; Schema: public; Owner: admin
--

CREATE INDEX orders_order_employer_id_39cce249 ON public.orders_order USING btree (employer_id);


--
-- Name: orders_order_sub_service_id_80b3217a; Type: INDEX; Schema: public; Owner: admin
--

CREATE INDEX orders_order_sub_service_id_80b3217a ON public.orders_order USING btree (sub_service_id);


--
-- Name: services_service_employer_id_2bb3fc5a; Type: INDEX; Schema: public; Owner: admin
--

CREATE INDEX services_service_employer_id_2bb3fc5a ON public.services_service USING btree (employer_id);


--
-- Name: services_subservice_service_id_a6a78ba2; Type: INDEX; Schema: public; Owner: admin
--

CREATE INDEX services_subservice_service_id_a6a78ba2 ON public.services_subservice USING btree (service_id);


--
-- Name: token_blacklist_outstandingtoken_jti_hex_d9bdf6f7_like; Type: INDEX; Schema: public; Owner: admin
--

CREATE INDEX token_blacklist_outstandingtoken_jti_hex_d9bdf6f7_like ON public.token_blacklist_outstandingtoken USING btree (jti varchar_pattern_ops);


--
-- Name: token_blacklist_outstandingtoken_user_id_83bc629a; Type: INDEX; Schema: public; Owner: admin
--

CREATE INDEX token_blacklist_outstandingtoken_user_id_83bc629a ON public.token_blacklist_outstandingtoken USING btree (user_id);


--
-- Name: auth_group_permissions auth_group_permissio_permission_id_84c5c92e_fk_auth_perm; Type: FK CONSTRAINT; Schema: public; Owner: admin
--

ALTER TABLE ONLY public.auth_group_permissions
    ADD CONSTRAINT auth_group_permissio_permission_id_84c5c92e_fk_auth_perm FOREIGN KEY (permission_id) REFERENCES public.auth_permission(id) DEFERRABLE INITIALLY DEFERRED;


--
-- Name: auth_group_permissions auth_group_permissions_group_id_b120cbf9_fk_auth_group_id; Type: FK CONSTRAINT; Schema: public; Owner: admin
--

ALTER TABLE ONLY public.auth_group_permissions
    ADD CONSTRAINT auth_group_permissions_group_id_b120cbf9_fk_auth_group_id FOREIGN KEY (group_id) REFERENCES public.auth_group(id) DEFERRABLE INITIALLY DEFERRED;


--
-- Name: auth_permission auth_permission_content_type_id_2f476e4b_fk_django_co; Type: FK CONSTRAINT; Schema: public; Owner: admin
--

ALTER TABLE ONLY public.auth_permission
    ADD CONSTRAINT auth_permission_content_type_id_2f476e4b_fk_django_co FOREIGN KEY (content_type_id) REFERENCES public.django_content_type(id) DEFERRABLE INITIALLY DEFERRED;


--
-- Name: auth_user_groups auth_user_groups_group_id_97559544_fk_auth_group_id; Type: FK CONSTRAINT; Schema: public; Owner: admin
--

ALTER TABLE ONLY public.auth_user_groups
    ADD CONSTRAINT auth_user_groups_group_id_97559544_fk_auth_group_id FOREIGN KEY (group_id) REFERENCES public.auth_group(id) DEFERRABLE INITIALLY DEFERRED;


--
-- Name: auth_user_groups auth_user_groups_user_id_6a12ed8b_fk_auth_user_id; Type: FK CONSTRAINT; Schema: public; Owner: admin
--

ALTER TABLE ONLY public.auth_user_groups
    ADD CONSTRAINT auth_user_groups_user_id_6a12ed8b_fk_auth_user_id FOREIGN KEY (user_id) REFERENCES public.auth_user(id) DEFERRABLE INITIALLY DEFERRED;


--
-- Name: auth_user_user_permissions auth_user_user_permi_permission_id_1fbb5f2c_fk_auth_perm; Type: FK CONSTRAINT; Schema: public; Owner: admin
--

ALTER TABLE ONLY public.auth_user_user_permissions
    ADD CONSTRAINT auth_user_user_permi_permission_id_1fbb5f2c_fk_auth_perm FOREIGN KEY (permission_id) REFERENCES public.auth_permission(id) DEFERRABLE INITIALLY DEFERRED;


--
-- Name: auth_user_user_permissions auth_user_user_permissions_user_id_a95ead1b_fk_auth_user_id; Type: FK CONSTRAINT; Schema: public; Owner: admin
--

ALTER TABLE ONLY public.auth_user_user_permissions
    ADD CONSTRAINT auth_user_user_permissions_user_id_a95ead1b_fk_auth_user_id FOREIGN KEY (user_id) REFERENCES public.auth_user(id) DEFERRABLE INITIALLY DEFERRED;


--
-- Name: desktop_app_employer_groups desktop_app_employer_employer_id_695360e8_fk_desktop_a; Type: FK CONSTRAINT; Schema: public; Owner: admin
--

ALTER TABLE ONLY public.desktop_app_employer_groups
    ADD CONSTRAINT desktop_app_employer_employer_id_695360e8_fk_desktop_a FOREIGN KEY (employer_id) REFERENCES public.desktop_app_employer(id) DEFERRABLE INITIALLY DEFERRED;


--
-- Name: desktop_app_employer_user_permissions desktop_app_employer_employer_id_767c65f6_fk_desktop_a; Type: FK CONSTRAINT; Schema: public; Owner: admin
--

ALTER TABLE ONLY public.desktop_app_employer_user_permissions
    ADD CONSTRAINT desktop_app_employer_employer_id_767c65f6_fk_desktop_a FOREIGN KEY (employer_id) REFERENCES public.desktop_app_employer(id) DEFERRABLE INITIALLY DEFERRED;


--
-- Name: desktop_app_employer_groups desktop_app_employer_groups_group_id_a6b712c3_fk_auth_group_id; Type: FK CONSTRAINT; Schema: public; Owner: admin
--

ALTER TABLE ONLY public.desktop_app_employer_groups
    ADD CONSTRAINT desktop_app_employer_groups_group_id_a6b712c3_fk_auth_group_id FOREIGN KEY (group_id) REFERENCES public.auth_group(id) DEFERRABLE INITIALLY DEFERRED;


--
-- Name: desktop_app_employer_user_permissions desktop_app_employer_permission_id_6b8f6611_fk_auth_perm; Type: FK CONSTRAINT; Schema: public; Owner: admin
--

ALTER TABLE ONLY public.desktop_app_employer_user_permissions
    ADD CONSTRAINT desktop_app_employer_permission_id_6b8f6611_fk_auth_perm FOREIGN KEY (permission_id) REFERENCES public.auth_permission(id) DEFERRABLE INITIALLY DEFERRED;


--
-- Name: django_admin_log django_admin_log_content_type_id_c4bce8eb_fk_django_co; Type: FK CONSTRAINT; Schema: public; Owner: admin
--

ALTER TABLE ONLY public.django_admin_log
    ADD CONSTRAINT django_admin_log_content_type_id_c4bce8eb_fk_django_co FOREIGN KEY (content_type_id) REFERENCES public.django_content_type(id) DEFERRABLE INITIALLY DEFERRED;


--
-- Name: django_admin_log django_admin_log_user_id_c564eba6_fk_auth_user_id; Type: FK CONSTRAINT; Schema: public; Owner: admin
--

ALTER TABLE ONLY public.django_admin_log
    ADD CONSTRAINT django_admin_log_user_id_c564eba6_fk_auth_user_id FOREIGN KEY (user_id) REFERENCES public.auth_user(id) DEFERRABLE INITIALLY DEFERRED;


--
-- Name: employees_employee employees_employee_employer_id_e856b279_fk_desktop_a; Type: FK CONSTRAINT; Schema: public; Owner: admin
--

ALTER TABLE ONLY public.employees_employee
    ADD CONSTRAINT employees_employee_employer_id_e856b279_fk_desktop_a FOREIGN KEY (employer_id) REFERENCES public.desktop_app_employer(id) DEFERRABLE INITIALLY DEFERRED;


--
-- Name: orders_order orders_order_employer_id_39cce249_fk_desktop_app_employer_id; Type: FK CONSTRAINT; Schema: public; Owner: admin
--

ALTER TABLE ONLY public.orders_order
    ADD CONSTRAINT orders_order_employer_id_39cce249_fk_desktop_app_employer_id FOREIGN KEY (employer_id) REFERENCES public.desktop_app_employer(id) DEFERRABLE INITIALLY DEFERRED;


--
-- Name: orders_order orders_order_sub_service_id_80b3217a_fk_services_subservice_id; Type: FK CONSTRAINT; Schema: public; Owner: admin
--

ALTER TABLE ONLY public.orders_order
    ADD CONSTRAINT orders_order_sub_service_id_80b3217a_fk_services_subservice_id FOREIGN KEY (sub_service_id) REFERENCES public.services_subservice(id) DEFERRABLE INITIALLY DEFERRED;


--
-- Name: services_service services_service_employer_id_2bb3fc5a_fk_desktop_a; Type: FK CONSTRAINT; Schema: public; Owner: admin
--

ALTER TABLE ONLY public.services_service
    ADD CONSTRAINT services_service_employer_id_2bb3fc5a_fk_desktop_a FOREIGN KEY (employer_id) REFERENCES public.desktop_app_employer(id) DEFERRABLE INITIALLY DEFERRED;


--
-- Name: services_subservice services_subservice_service_id_a6a78ba2_fk_services_service_id; Type: FK CONSTRAINT; Schema: public; Owner: admin
--

ALTER TABLE ONLY public.services_subservice
    ADD CONSTRAINT services_subservice_service_id_a6a78ba2_fk_services_service_id FOREIGN KEY (service_id) REFERENCES public.services_service(id) DEFERRABLE INITIALLY DEFERRED;


--
-- Name: token_blacklist_blacklistedtoken token_blacklist_blacklistedtoken_token_id_3cc7fe56_fk; Type: FK CONSTRAINT; Schema: public; Owner: admin
--

ALTER TABLE ONLY public.token_blacklist_blacklistedtoken
    ADD CONSTRAINT token_blacklist_blacklistedtoken_token_id_3cc7fe56_fk FOREIGN KEY (token_id) REFERENCES public.token_blacklist_outstandingtoken(id) DEFERRABLE INITIALLY DEFERRED;


--
-- Name: token_blacklist_outstandingtoken token_blacklist_outs_user_id_83bc629a_fk_desktop_a; Type: FK CONSTRAINT; Schema: public; Owner: admin
--

ALTER TABLE ONLY public.token_blacklist_outstandingtoken
    ADD CONSTRAINT token_blacklist_outs_user_id_83bc629a_fk_desktop_a FOREIGN KEY (user_id) REFERENCES public.desktop_app_employer(id) DEFERRABLE INITIALLY DEFERRED;


--
-- PostgreSQL database dump complete
--

